id_canino,distrito,sexo,edad_anios,acceso_calle,contacto_roedores,vacunacion_leptospira,agua_estancada,seropositivo,titulo_anticuerpos,creatinina_mg_dl,condicion_corporal_9
LEP0001,Ribera,Macho,3.9,Sí,No,Sí,No,No,0,,3
LEP0002,Ribera,Macho,2.9,No,No,Sí,Sí,No,0,0.94,5
LEP0003,Ribera,Macho,0.5,No,Sí,Sí,No,No,0,1.14,6
LEP0004,Sur,Hembra,11.2,Sí,Sí,Sí,No,Sí,400,1.08,4
LEP0005,Ribera,Hembra,9.2,No,No,No,No,No,0,1.17,6
LEP0006,Norte,Macho,4.1,No,Sí,Sí,No,No,0,0.77,5
LEP0007,Norte,Macho,7.4,Sí,No,No,No,No,0,1.29,5
LEP0008,Sur,Macho,6.5,Sí,No,No,Sí,No,0,1.26,5
LEP0009,Centro,Hembra,3.5,No,No,Sí,No,No,0,1.03,5
LEP0010,Ribera,Hembra,8.8,Sí,Sí,Sí,No,No,0,0.7,6
LEP0011,Centro,Hembra,6.9,No,No,No,No,No,0,0.72,7
LEP0012,Centro,Macho,9.5,No,No,Sí,No,No,0,0.4,6
LEP0013,Centro,Hembra,3.1,Sí,No,Sí,No,No,0,1.21,5
LEP0014,Ribera,Macho,7.2,No,No,Sí,Sí,No,0,1.08,5
LEP0015,Ribera,Macho,6.5,Sí,Sí,Sí,Sí,No,0,1.17,4
LEP0016,Norte,Hembra,9.0,No,Sí,Sí,No,No,0,0.9,5
LEP0017,Sur,Hembra,5.7,No,No,Sí,Sí,No,0,0.67,5
LEP0018,Sur,Hembra,3.8,No,No,No,Sí,Sí,100,1.38,4
LEP0019,Ribera,Hembra,11.0,No,No,No,No,No,0,0.95,5
LEP0020,Ribera,Macho,6.2,No,No,Sí,No,No,0,0.73,5
LEP0021,Sur,Macho,8.0,No,Sí,Sí,Sí,No,0,1.55,5
LEP0022,Sur,Hembra,2.9,Sí,Sí,Sí,No,No,0,1.15,7
LEP0023,Sur,Hembra,3.6,Sí,No,Sí,No,No,0,1.29,5
LEP0024,Ribera,Macho,0.5,No,No,Sí,Sí,No,0,0.88,5
LEP0025,Sur,Hembra,8.1,No,Sí,No,No,No,0,0.98,4
LEP0026,Centro,Macho,5.5,Sí,No,No,No,No,0,1.58,5
LEP0027,Centro,Macho,7.6,Sí,Sí,Sí,Sí,No,0,1.17,5
LEP0028,Ribera,Macho,0.5,Sí,Sí,No,No,No,0,1.24,6
LEP0029,Sur,Macho,1.9,Sí,No,Sí,No,No,0,1.13,6
LEP0030,Centro,Macho,3.5,No,No,Sí,No,Sí,1600,1.59,4
LEP0031,Ribera,Hembra,1.1,Sí,No,Sí,Sí,No,0,0.91,6
LEP0032,Centro,Hembra,5.4,Sí,Sí,Sí,Sí,No,0,0.79,4
LEP0033,Norte,Hembra,4.4,No,No,Sí,Sí,No,0,0.89,7
LEP0034,Ribera,Hembra,2.7,Sí,No,No,Sí,Sí,200,1.06,5
LEP0035,Ribera,Hembra,7.0,Sí,No,No,Sí,No,0,0.89,4
LEP0036,Norte,Hembra,5.8,No,No,Sí,Sí,No,0,0.88,5
LEP0037,Ribera,Macho,8.3,Sí,Sí,No,No,No,0,1.27,3
LEP0038,Sur,Macho,6.2,No,No,Sí,No,No,0,0.97,6
LEP0039,Sur,Hembra,3.7,Sí,No,Sí,Sí,No,0,1.3,3
LEP0040,Centro,Hembra,3.4,Sí,Sí,No,Sí,No,0,0.91,5
LEP0041,Norte,Macho,1.9,No,Sí,Sí,No,No,0,1.15,5
LEP0042,Sur,Hembra,5.8,Sí,Sí,Sí,No,No,0,1.51,6
LEP0043,Norte,Macho,9.0,Sí,No,Sí,Sí,No,0,2.85,6
LEP0044,Ribera,Hembra,6.1,Sí,Sí,No,Sí,No,0,1.15,5
LEP0045,Norte,Macho,7.0,Sí,Sí,Sí,No,No,0,,6
LEP0046,Sur,Macho,0.5,Sí,No,No,Sí,No,0,1.15,6
LEP0047,Sur,Hembra,6.0,No,No,No,No,No,0,0.94,4
LEP0048,Ribera,Hembra,2.8,No,No,No,No,No,0,1.34,7
LEP0049,Norte,Hembra,2.5,No,No,Sí,Sí,No,0,1.15,6
LEP0050,Norte,Macho,6.2,Sí,No,Sí,No,No,0,1.16,4
LEP0051,Ribera,Hembra,8.4,No,No,No,No,No,0,0.5,6
LEP0052,Centro,Macho,8.7,No,Sí,No,No,Sí,100,0.91,5
LEP0053,Ribera,Macho,8.1,Sí,No,No,No,No,0,0.47,4
LEP0054,Sur,Hembra,6.2,No,No,No,Sí,No,0,1.12,4
LEP0055,Norte,Hembra,6.2,No,No,Sí,No,No,0,0.86,4
LEP0056,Ribera,Hembra,9.0,Sí,No,Sí,No,No,0,1.44,5
LEP0057,Sur,Macho,4.4,No,No,No,Sí,Sí,100,1.01,3
LEP0058,Centro,Hembra,6.1,No,Sí,Sí,Sí,Sí,1600,1.64,5
LEP0059,Sur,Hembra,9.3,Sí,No,Sí,Sí,No,0,1.28,5
LEP0060,Norte,Macho,8.1,No,No,Sí,No,No,0,0.85,5
LEP0061,Ribera,Macho,2.1,No,No,Sí,No,No,0,1.14,7
LEP0062,Ribera,Hembra,3.9,Sí,No,No,No,No,0,0.53,5
LEP0063,Centro,Hembra,2.1,Sí,Sí,No,No,No,0,1.41,5
LEP0064,Norte,Hembra,3.9,No,No,No,No,No,0,0.93,5
LEP0065,Centro,Macho,7.7,Sí,Sí,Sí,No,No,0,1.04,6
LEP0066,Norte,Macho,0.5,No,Sí,Sí,No,No,0,0.64,5
LEP0067,Ribera,Macho,4.2,No,Sí,Sí,No,No,0,0.96,6
LEP0068,Ribera,Macho,6.2,Sí,No,Sí,No,Sí,800,1.27,6
LEP0069,Norte,Hembra,3.7,No,Sí,Sí,No,No,0,1.85,7
LEP0070,Ribera,Macho,2.1,No,No,Sí,No,No,0,1.38,5
LEP0071,Norte,Macho,5.0,Sí,No,Sí,No,No,0,1.48,5
LEP0072,Norte,Macho,0.5,Sí,Sí,Sí,No,No,0,1.01,6
LEP0073,Centro,Hembra,5.6,No,No,No,Sí,Sí,1600,1.65,3
LEP0074,Centro,Hembra,11.7,No,No,Sí,Sí,No,0,0.43,6
LEP0075,Ribera,Hembra,4.5,No,No,Sí,No,No,0,0.8,6
LEP0076,Norte,Hembra,3.5,Sí,Sí,Sí,Sí,Sí,800,1.51,5
LEP0077,Norte,Macho,6.7,Sí,Sí,Sí,No,No,0,,6
LEP0078,Centro,Hembra,3.2,No,Sí,Sí,No,No,0,1.16,7
LEP0079,Norte,Macho,0.5,No,No,Sí,No,No,0,0.91,4
LEP0080,Centro,Hembra,0.8,Sí,Sí,No,Sí,Sí,400,1.3,5
LEP0081,Sur,Hembra,5.0,Sí,No,Sí,No,No,0,0.74,6
LEP0082,Centro,Hembra,2.4,No,No,Sí,No,No,0,0.99,4
LEP0083,Sur,Macho,12.6,No,No,Sí,No,No,0,1.1,6
LEP0084,Norte,Hembra,0.5,No,No,No,Sí,No,0,1.29,6
LEP0085,Norte,Macho,5.6,Sí,Sí,Sí,No,No,0,1.13,4
LEP0086,Centro,Hembra,12.2,No,Sí,No,Sí,Sí,800,1.32,5
LEP0087,Ribera,Hembra,5.6,No,Sí,No,Sí,Sí,1600,1.51,6
LEP0088,Sur,Hembra,5.9,Sí,No,No,No,No,0,0.7,4
LEP0089,Centro,Macho,6.7,No,Sí,No,Sí,No,0,1.28,5
LEP0090,Sur,Macho,7.1,No,No,No,Sí,No,0,1.08,4
LEP0091,Centro,Macho,6.5,Sí,No,,No,No,0,0.88,6
LEP0092,Sur,Hembra,5.0,No,No,No,Sí,No,0,1.11,5
LEP0093,Norte,Macho,9.4,Sí,No,No,No,No,0,0.77,4
LEP0094,Norte,Macho,0.8,No,No,No,Sí,No,0,1.13,5
LEP0095,Norte,Hembra,8.8,Sí,Sí,,No,No,0,1.03,5
LEP0096,Centro,Macho,5.7,Sí,No,No,Sí,No,0,1.19,6
LEP0097,Norte,Macho,1.9,No,No,Sí,No,No,0,0.98,5
LEP0098,Sur,Macho,6.2,No,No,Sí,No,No,0,0.81,4
LEP0099,Centro,Macho,11.5,No,No,No,Sí,No,0,1.03,6
LEP0100,Norte,Macho,8.0,No,No,No,No,No,0,0.85,5
LEP0101,Centro,Hembra,1.4,Sí,Sí,Sí,No,Sí,200,1.38,4
LEP0102,Centro,Hembra,5.3,Sí,,Sí,No,No,0,1.25,6
LEP0103,Norte,Hembra,0.5,Sí,No,Sí,No,No,0,0.99,5
LEP0104,Centro,Hembra,10.1,No,No,No,Sí,No,0,1.05,5
LEP0105,Sur,Macho,8.5,No,Sí,No,No,No,0,0.58,3
LEP0106,Centro,Macho,2.4,Sí,No,No,Sí,No,0,0.86,5
LEP0107,Sur,Hembra,4.7,No,No,No,No,No,0,0.9,4
LEP0108,Sur,Hembra,0.5,No,No,Sí,No,No,0,0.7,4
LEP0109,Norte,Macho,0.5,No,No,No,Sí,No,0,0.94,5
LEP0110,Norte,Hembra,4.4,No,No,Sí,No,No,0,0.8,4
LEP0111,Ribera,Macho,0.5,Sí,No,No,No,No,0,,7
LEP0112,Centro,Macho,8.6,Sí,Sí,No,Sí,Sí,1600,1.98,6
LEP0113,Centro,Macho,4.0,No,No,Sí,No,No,0,0.98,6
LEP0114,Norte,Hembra,5.7,No,Sí,Sí,No,Sí,400,1.53,5
LEP0115,Ribera,Macho,10.5,No,No,Sí,No,No,0,1.08,6
LEP0116,Sur,Hembra,6.3,Sí,No,Sí,No,No,0,1.55,3
LEP0117,Ribera,Macho,9.2,Sí,No,No,Sí,No,0,0.47,6
LEP0118,Ribera,Hembra,6.9,Sí,No,Sí,No,Sí,800,0.95,6
LEP0119,Centro,Macho,7.7,Sí,Sí,Sí,Sí,Sí,200,1.89,3
LEP0120,Ribera,Hembra,5.8,Sí,No,Sí,No,No,0,1.52,5
LEP0121,Centro,Hembra,0.5,No,Sí,Sí,No,No,0,0.64,6
LEP0122,Ribera,Hembra,0.5,No,No,Sí,No,No,0,1.13,5
LEP0123,Sur,Macho,9.8,Sí,No,Sí,No,No,0,0.83,4
LEP0124,Ribera,Macho,7.6,Sí,No,Sí,Sí,Sí,1600,1.08,4
LEP0125,Norte,Hembra,7.5,Sí,Sí,Sí,Sí,No,0,1.1,5
LEP0126,Ribera,Macho,0.5,No,No,Sí,No,No,0,1.0,5
LEP0127,Centro,Macho,1.6,Sí,No,No,No,No,0,1.09,4
LEP0128,Ribera,Macho,9.1,No,Sí,Sí,Sí,No,0,0.8,3
LEP0129,Sur,Hembra,5.2,Sí,No,Sí,No,No,0,1.43,6
LEP0130,Centro,Macho,8.9,No,No,No,Sí,No,0,0.71,5
LEP0131,Ribera,Hembra,3.7,Sí,,No,No,No,0,0.99,3
LEP0132,Centro,Hembra,6.0,No,No,Sí,Sí,No,0,0.81,4
LEP0133,Sur,Macho,8.4,Sí,No,No,No,Sí,200,1.18,7
LEP0134,Centro,Hembra,2.0,No,,No,No,No,0,1.02,4
LEP0135,Sur,Hembra,6.4,Sí,No,No,No,No,0,1.34,5
LEP0136,Sur,Macho,2.7,Sí,No,No,No,No,0,0.82,5
LEP0137,Norte,Hembra,9.6,Sí,No,Sí,Sí,No,0,0.51,3
LEP0138,Norte,Macho,2.1,No,Sí,No,Sí,Sí,800,0.89,5
LEP0139,Norte,Macho,7.0,No,No,Sí,No,No,0,1.25,6
LEP0140,Centro,Macho,1.6,No,No,Sí,Sí,No,0,1.07,3
LEP0141,Centro,Hembra,6.3,No,Sí,Sí,Sí,No,0,0.95,6
LEP0142,Sur,Macho,2.9,No,No,Sí,No,No,0,1.17,6
LEP0143,Sur,Macho,6.7,Sí,No,Sí,Sí,No,0,1.66,5
LEP0144,Sur,Hembra,8.6,Sí,No,No,No,Sí,400,1.31,7
LEP0145,Sur,Hembra,7.5,Sí,No,No,No,No,0,1.1,5
LEP0146,Norte,Hembra,9.4,No,No,Sí,Sí,No,0,1.07,3
LEP0147,Ribera,Hembra,5.3,Sí,No,Sí,Sí,Sí,200,1.79,4
LEP0148,Norte,Macho,6.4,No,Sí,Sí,Sí,No,0,1.29,6
LEP0149,Sur,Hembra,5.3,No,No,No,No,No,0,1.44,4
LEP0150,Centro,Macho,10.9,No,No,Sí,No,No,0,1.31,6
LEP0151,Sur,Macho,3.6,Sí,Sí,No,No,Sí,800,1.27,5
LEP0152,Sur,Macho,4.6,No,No,Sí,Sí,No,0,0.83,6
LEP0153,Sur,Macho,10.1,Sí,Sí,No,No,No,0,1.13,3
LEP0154,Sur,Hembra,3.4,No,No,Sí,No,Sí,400,1.25,7
LEP0155,Sur,Hembra,8.1,Sí,No,Sí,No,No,0,0.96,6
LEP0156,Centro,Macho,2.6,No,No,Sí,No,No,0,1.17,3
LEP0157,Sur,Hembra,2.3,Sí,No,Sí,Sí,Sí,400,1.37,5
LEP0158,Centro,Hembra,4.8,No,No,Sí,Sí,No,0,0.86,5
LEP0159,Norte,Hembra,8.6,Sí,,Sí,Sí,Sí,800,1.68,6
LEP0160,Norte,Hembra,6.1,Sí,No,No,Sí,No,0,0.79,5
LEP0161,Ribera,Hembra,4.6,No,Sí,Sí,No,No,0,1.49,4
LEP0162,Centro,Macho,7.2,No,No,No,No,Sí,800,1.15,6
LEP0163,Centro,Macho,2.2,No,Sí,No,No,No,0,1.36,5
LEP0164,Sur,Macho,6.6,No,Sí,No,No,Sí,400,1.9,5
LEP0165,Norte,Hembra,6.0,Sí,No,Sí,No,No,0,1.47,5
LEP0166,Ribera,Hembra,3.8,No,No,Sí,No,No,0,1.08,4
LEP0167,Ribera,Macho,0.5,Sí,Sí,Sí,Sí,No,0,1.39,6
LEP0168,Centro,Hembra,3.1,Sí,No,No,Sí,No,0,1.24,5
LEP0169,Sur,Macho,3.2,No,Sí,Sí,No,No,0,1.38,3
LEP0170,Ribera,Hembra,3.5,Sí,No,Sí,No,No,0,0.95,5
LEP0171,Ribera,Hembra,6.8,No,Sí,Sí,No,No,0,1.08,6
LEP0172,Sur,Hembra,6.3,No,No,Sí,No,No,0,1.36,5
LEP0173,Norte,Macho,0.5,No,No,No,Sí,No,0,1.34,4
LEP0174,Centro,Macho,3.1,No,No,Sí,No,No,0,1.24,4
LEP0175,Centro,Hembra,3.1,No,No,Sí,Sí,No,0,0.77,7
LEP0176,Norte,Macho,7.4,No,No,No,No,No,0,1.67,4
LEP0177,Sur,Hembra,6.7,No,Sí,No,No,No,0,0.84,4
LEP0178,Sur,Hembra,12.5,Sí,Sí,No,No,No,0,0.91,7
LEP0179,Ribera,Macho,5.2,No,No,No,Sí,No,0,0.74,4
LEP0180,Centro,Hembra,9.6,No,No,Sí,Sí,No,0,1.02,5
LEP0181,Centro,Hembra,6.1,No,No,Sí,No,No,0,1.25,5
LEP0182,Sur,Macho,3.6,No,No,No,Sí,No,0,0.48,5
LEP0183,Norte,Macho,7.9,No,Sí,Sí,No,No,0,1.11,6
LEP0184,Sur,Hembra,10.1,No,Sí,Sí,No,No,0,1.19,6
LEP0185,Norte,Hembra,7.0,No,No,Sí,No,No,0,1.24,5
LEP0186,Ribera,Macho,6.6,Sí,Sí,Sí,No,No,0,1.08,5
LEP0187,Sur,Hembra,2.0,No,No,No,No,No,0,1.07,5
LEP0188,Centro,Macho,9.8,Sí,Sí,No,No,No,0,1.85,5
LEP0189,Centro,Macho,4.2,Sí,No,No,No,Sí,400,1.22,4
LEP0190,Ribera,Macho,3.9,Sí,No,Sí,Sí,No,0,1.45,6
LEP0191,Centro,Macho,4.5,Sí,No,Sí,No,No,0,0.88,6
LEP0192,Centro,Macho,2.9,No,No,Sí,No,No,0,0.73,6
LEP0193,Ribera,Macho,2.8,Sí,No,Sí,Sí,No,0,0.46,6
LEP0194,Ribera,Hembra,3.4,No,No,No,No,No,0,0.65,4
LEP0195,Ribera,Macho,1.5,Sí,No,Sí,No,No,0,1.57,5
LEP0196,Ribera,Hembra,8.7,Sí,No,Sí,Sí,No,0,0.69,5
LEP0197,Sur,Macho,2.9,No,Sí,Sí,Sí,No,0,0.7,5
LEP0198,Sur,Hembra,3.4,Sí,Sí,Sí,Sí,No,0,1.54,5
LEP0199,Centro,Macho,3.8,No,No,Sí,No,No,0,0.98,5
LEP0200,Ribera,Macho,3.1,Sí,No,No,Sí,Sí,400,1.49,5
LEP0201,Ribera,Hembra,4.7,No,No,No,No,No,0,1.1,5
LEP0202,Ribera,Macho,7.0,No,No,Sí,No,No,0,0.94,6
LEP0203,Ribera,Macho,3.5,Sí,No,No,Sí,No,0,1.12,5
LEP0204,Sur,Hembra,7.3,No,No,Sí,No,No,0,0.95,5
LEP0205,Centro,Hembra,0.8,Sí,Sí,Sí,No,No,0,0.85,5
LEP0206,Norte,Hembra,5.1,No,No,No,No,No,0,1.12,5
LEP0207,Norte,Hembra,4.9,No,Sí,No,No,No,0,1.67,6
LEP0208,Ribera,Macho,3.4,No,No,Sí,No,No,0,0.99,6
LEP0209,Norte,Macho,6.7,Sí,No,Sí,Sí,No,0,0.99,6
LEP0210,Sur,Hembra,5.6,Sí,No,,No,Sí,1600,1.46,7
LEP0211,Norte,Macho,9.1,No,Sí,Sí,No,No,0,1.28,5
LEP0212,Norte,Macho,3.9,No,No,No,Sí,No,0,0.84,7
LEP0213,Norte,Macho,0.5,No,Sí,Sí,Sí,No,0,0.6,7
LEP0214,Sur,Macho,8.3,No,No,No,No,No,0,1.05,2
LEP0215,Sur,Macho,1.7,No,Sí,Sí,No,No,0,1.21,5
LEP0216,Centro,Macho,6.8,No,Sí,No,Sí,No,0,1.11,4
LEP0217,Centro,Hembra,2.6,Sí,Sí,Sí,No,No,0,1.53,5
LEP0218,Centro,Macho,0.5,Sí,No,Sí,Sí,No,0,0.7,4
LEP0219,Ribera,Hembra,12.1,No,No,Sí,No,No,0,0.73,5
LEP0220,Sur,Macho,8.2,Sí,Sí,No,No,Sí,400,1.01,4
LEP0221,Centro,Hembra,5.4,No,No,No,No,No,0,0.68,6
LEP0222,Sur,Hembra,3.6,Sí,No,No,Sí,No,0,0.8,7
LEP0223,Centro,Macho,6.8,No,No,Sí,Sí,No,0,1.05,6
LEP0224,Centro,Macho,9.3,Sí,Sí,Sí,Sí,No,0,0.91,6
LEP0225,Centro,Hembra,11.7,No,No,Sí,No,No,0,1.15,6
LEP0226,Centro,Macho,5.8,Sí,No,Sí,No,No,0,1.07,3
LEP0227,Centro,Macho,4.9,No,Sí,Sí,No,No,0,0.98,4
LEP0228,Norte,Macho,7.1,Sí,Sí,Sí,Sí,Sí,400,1.7,4
LEP0229,Centro,Hembra,4.5,No,No,Sí,No,No,0,0.76,5
LEP0230,Centro,Macho,7.2,Sí,No,Sí,Sí,Sí,200,0.9,4
LEP0231,Centro,Hembra,10.2,Sí,Sí,Sí,No,Sí,200,1.57,4
LEP0232,Sur,Macho,6.1,No,No,No,No,No,0,1.81,5
LEP0233,Centro,Macho,7.3,No,Sí,Sí,Sí,No,0,0.75,4
LEP0234,Sur,Macho,6.0,No,No,Sí,No,No,0,1.33,5
LEP0235,Centro,Macho,6.3,No,Sí,Sí,No,No,0,0.84,3
LEP0236,Sur,Hembra,9.7,Sí,No,No,No,No,0,1.12,5
LEP0237,Sur,Hembra,1.5,Sí,No,Sí,No,No,0,1.19,5
LEP0238,Norte,Macho,2.9,Sí,No,No,Sí,No,0,1.12,7
LEP0239,Norte,Hembra,7.3,Sí,No,Sí,No,Sí,800,1.14,6
LEP0240,Sur,Macho,1.2,No,No,Sí,Sí,No,0,1.15,5
LEP0241,Norte,Hembra,8.0,No,Sí,No,No,No,0,0.88,6
LEP0242,Sur,Macho,8.5,No,No,Sí,No,No,0,1.03,4
LEP0243,Norte,Macho,6.5,No,No,Sí,Sí,No,0,1.14,5
LEP0244,Norte,Macho,2.8,No,No,Sí,No,Sí,400,1.36,6
LEP0245,Ribera,Macho,6.4,No,No,Sí,No,No,0,1.41,4
LEP0246,Centro,Hembra,0.5,Sí,No,Sí,No,Sí,800,0.77,6
LEP0247,Centro,Macho,6.2,No,No,Sí,No,No,0,1.11,5
LEP0248,Norte,Macho,8.5,Sí,No,Sí,No,No,0,0.94,6
LEP0249,Norte,Macho,1.9,Sí,No,Sí,Sí,No,0,0.87,5
LEP0250,Ribera,Hembra,5.7,Sí,Sí,No,No,Sí,200,1.09,8
LEP0251,Ribera,Macho,3.2,Sí,No,Sí,Sí,Sí,200,1.95,4
LEP0252,Sur,Hembra,4.8,Sí,Sí,No,Sí,No,0,0.6,5
LEP0253,Sur,Macho,6.9,No,No,No,Sí,No,0,1.27,6
LEP0254,Centro,Macho,6.9,No,No,Sí,No,Sí,100,1.46,4
LEP0255,Sur,Hembra,3.3,No,No,No,No,No,0,1.18,5
LEP0256,Norte,Hembra,4.7,No,No,Sí,Sí,No,0,1.1,6
LEP0257,Norte,Hembra,6.1,No,Sí,Sí,Sí,No,0,1.23,3
LEP0258,Centro,Hembra,6.2,Sí,No,No,No,No,0,1.05,6
LEP0259,Sur,Hembra,4.9,No,No,No,Sí,No,0,0.91,6
LEP0260,Sur,Hembra,9.2,Sí,No,No,Sí,No,0,0.92,5
LEP0261,Centro,Macho,5.9,No,Sí,Sí,Sí,No,0,1.27,5
LEP0262,Ribera,Macho,1.9,No,Sí,Sí,No,No,0,0.45,5
LEP0263,Sur,Macho,7.9,Sí,No,Sí,No,No,0,0.98,6
LEP0264,Norte,Macho,4.5,Sí,No,Sí,Sí,No,0,1.81,4
LEP0265,Centro,Hembra,13.3,No,No,No,Sí,No,0,1.23,7
LEP0266,Ribera,Hembra,2.5,Sí,No,Sí,Sí,Sí,800,1.7,6
LEP0267,Ribera,Hembra,8.6,No,No,Sí,No,No,0,1.7,7
LEP0268,Ribera,Macho,8.0,No,No,Sí,Sí,No,0,0.76,5
LEP0269,Ribera,Macho,0.9,Sí,Sí,,No,No,0,0.65,6
LEP0270,Norte,Macho,12.2,Sí,No,No,Sí,No,0,1.15,6
LEP0271,Sur,Macho,8.3,No,No,Sí,Sí,No,0,1.45,4
LEP0272,Norte,Hembra,5.3,No,No,Sí,No,No,0,1.16,5
LEP0273,Norte,Macho,2.8,No,No,Sí,No,No,0,1.26,5
LEP0274,Centro,Macho,5.3,No,No,Sí,No,No,0,0.99,6
LEP0275,Norte,Macho,3.9,No,No,No,Sí,No,0,1.34,5
LEP0276,Norte,Hembra,10.1,Sí,No,Sí,Sí,Sí,200,1.0,5
LEP0277,Centro,Hembra,6.3,No,No,No,No,No,0,0.99,6
LEP0278,Sur,Hembra,3.5,No,Sí,No,No,No,0,1.2,6
LEP0279,Ribera,Macho,7.0,No,No,Sí,No,No,0,0.63,5
LEP0280,Ribera,Hembra,9.2,Sí,No,Sí,Sí,No,0,1.14,6
LEP0281,Sur,Macho,2.5,Sí,No,No,Sí,Sí,800,0.99,5
LEP0282,Centro,Macho,2.4,Sí,No,Sí,No,No,0,0.4,6
LEP0283,Centro,Hembra,6.6,No,No,No,Sí,No,0,1.1,4
LEP0284,Norte,Hembra,2.7,Sí,Sí,Sí,No,No,0,0.98,5
LEP0285,Norte,Macho,7.7,Sí,No,No,Sí,Sí,200,1.48,5
LEP0286,Centro,Macho,4.9,No,No,No,No,No,0,0.98,4
LEP0287,Centro,Macho,1.2,Sí,No,Sí,No,No,0,0.77,4
LEP0288,Norte,Hembra,6.4,Sí,No,Sí,No,No,0,1.11,5
LEP0289,Norte,Macho,1.8,No,No,Sí,Sí,No,0,1.76,6
LEP0290,Sur,Macho,0.5,No,Sí,Sí,No,No,0,1.14,5
LEP0291,Centro,Macho,11.5,No,No,Sí,No,No,0,1.34,5
LEP0292,Sur,Hembra,5.8,No,Sí,Sí,No,No,0,1.17,6
LEP0293,Ribera,Hembra,7.1,Sí,No,Sí,Sí,No,0,1.07,6
LEP0294,Norte,Hembra,2.8,Sí,No,Sí,Sí,No,0,1.02,5
LEP0295,Centro,Macho,4.2,No,Sí,,No,No,0,0.75,5
LEP0296,Centro,Macho,0.5,Sí,Sí,No,No,Sí,200,1.16,5
LEP0297,Sur,Hembra,7.6,No,Sí,No,No,Sí,400,1.61,7
LEP0298,Sur,Macho,4.6,Sí,No,Sí,Sí,No,0,0.82,6
LEP0299,Centro,Hembra,2.3,No,No,No,No,No,0,1.42,5
LEP0300,Centro,Hembra,5.5,Sí,Sí,Sí,Sí,No,0,1.13,5
LEP0301,Centro,Macho,3.9,No,No,Sí,Sí,No,0,1.03,6
LEP0302,Ribera,Macho,9.0,Sí,,Sí,No,No,0,0.83,7
LEP0303,Sur,Hembra,0.5,Sí,Sí,Sí,Sí,Sí,100,1.13,5
LEP0304,Ribera,Hembra,7.2,Sí,No,Sí,Sí,No,0,0.62,5
LEP0305,Sur,Hembra,2.0,No,No,No,No,No,0,0.76,7
LEP0306,Ribera,Macho,5.6,No,No,No,Sí,Sí,400,1.28,6
LEP0307,Norte,Macho,10.1,Sí,Sí,Sí,Sí,No,0,1.18,4
LEP0308,Centro,Macho,5.2,No,Sí,Sí,Sí,No,0,1.41,5
LEP0309,Norte,Macho,5.6,Sí,No,Sí,No,No,0,1.13,4
LEP0310,Sur,Macho,5.0,No,Sí,No,No,No,0,,6
LEP0103,Norte,Hembra,0.5,Sí,No,Sí,No,No,0,0.99,5
LEP0140,Centro,Macho,1.6,No,No,Sí,Sí,No,0,1.07,3
