id_canino,distrito,sexo,edad_anios,tamano_raza,esterilizado,nivel_actividad,peso_kg,condicion_corporal_9,obesidad,minutos_paseo_dia,alimento_comercial
CAN0001,La Tinguiña,Macho,6.2,Mediano,Sí,Baja,16.9,7,Sí,1,Sí
CAN0002,Subtanjalla,Macho,4.4,Grande,Sí,Alta,33.6,8,Sí,88,Sí
CAN0003,Subtanjalla,Hembra,4.6,Mediano,Sí,Alta,17.4,6,No,60,No
CAN0004,Ica,Hembra,5.7,Mediano,Sí,Moderada,22.3,6,No,33,Sí
CAN0005,La Tinguiña,Macho,6.1,Pequeño,Sí,Moderada,8.8,7,Sí,45,Sí
CAN0006,Subtanjalla,Macho,1.1,Gigante,Sí,Moderada,43.8,5,No,49,Sí
CAN0007,La Tinguiña,Macho,11.5,Pequeño,No,Moderada,9.9,5,No,68,Sí
CAN0008,Parcona,Macho,5.8,Gigante,Sí,Moderada,46.1,6,No,17,Sí
CAN0009,Ica,Hembra,7.6,Grande,No,Moderada,28.9,4,No,91,Sí
CAN0010,Ica,Macho,6.7,Grande,Sí,Moderada,34.6,8,Sí,38,Sí
CAN0011,La Tinguiña,Hembra,3.8,Pequeño,Sí,,11.6,6,No,0,No
CAN0012,Ica,Macho,7.2,Gigante,No,Baja,40.8,5,No,0,No
CAN0013,Subtanjalla,Macho,7.8,Pequeño,No,Baja,10.9,7,Sí,20,Sí
CAN0014,Parcona,Hembra,5.8,Pequeño,Sí,Baja,14.2,7,Sí,30,No
CAN0015,Ica,Hembra,9.4,Mediano,No,Baja,16.9,8,Sí,24,Sí
CAN0016,Ica,Hembra,3.1,Pequeño,Sí,Alta,8.6,5,No,77,Sí
CAN0017,Ica,Hembra,9.6,Mediano,Sí,Baja,23.2,6,No,23,Sí
CAN0018,Ica,Hembra,3.9,Grande,No,Baja,40.0,7,Sí,35,No
CAN0019,La Tinguiña,Macho,5.7,Pequeño,Sí,Baja,2.2,6,No,44,Sí
CAN0020,Ica,Hembra,5.1,Pequeño,Sí,Baja,6.2,6,No,49,No
CAN0021,Parcona,Macho,2.0,Grande,Sí,Moderada,76.5,7,Sí,54,Sí
CAN0022,Parcona,Macho,9.2,Grande,No,Baja,30.3,6,No,35,Sí
CAN0023,Subtanjalla,Hembra,3.1,Gigante,Sí,Baja,47.0,6,No,13,Sí
CAN0024,Parcona,Macho,1.6,Pequeño,No,Baja,6.1,4,No,0,Sí
CAN0025,La Tinguiña,Macho,14.4,Grande,No,Baja,31.8,7,Sí,49,Sí
CAN0026,Parcona,Hembra,7.7,Mediano,No,Moderada,14.1,4,No,72,No
CAN0027,Ica,Macho,7.8,Mediano,Sí,Moderada,26.4,6,No,52,Sí
CAN0028,Subtanjalla,Hembra,1.7,Pequeño,Sí,Alta,10.3,6,No,93,Sí
CAN0029,Ica,Macho,1.4,Mediano,Sí,Moderada,23.1,7,Sí,,Sí
CAN0030,Ica,Hembra,6.9,Grande,No,Alta,33.6,5,No,48,Sí
CAN0031,Subtanjalla,Macho,8.5,Mediano,Sí,Baja,22.9,9,Sí,35,Sí
CAN0032,Subtanjalla,Hembra,10.8,Mediano,No,Baja,20.6,7,Sí,59,Sí
CAN0033,Parcona,Hembra,7.9,Pequeño,No,Baja,7.5,5,No,0,No
CAN0034,Subtanjalla,Macho,3.4,Grande,No,Baja,28.0,6,No,23,No
CAN0035,La Tinguiña,Hembra,6.5,Mediano,Sí,Alta,17.8,6,No,85,Sí
CAN0036,Ica,Hembra,9.3,Pequeño,No,Moderada,5.3,5,No,21,Sí
CAN0037,Parcona,Macho,5.0,Pequeño,Sí,Alta,4.3,6,No,57,No
CAN0038,La Tinguiña,Hembra,4.7,Mediano,Sí,Moderada,17.3,7,Sí,40,Sí
CAN0039,Parcona,Hembra,3.3,Grande,Sí,Baja,36.0,7,Sí,14,Sí
CAN0040,La Tinguiña,Macho,7.4,Grande,Sí,Baja,31.8,5,No,75,Sí
CAN0041,La Tinguiña,Hembra,6.6,Pequeño,No,Moderada,7.3,5,No,69,Sí
CAN0042,Ica,Macho,6.1,Grande,Sí,Baja,35.0,7,Sí,0,Sí
CAN0043,Ica,Macho,4.5,Mediano,No,Moderada,10.2,6,No,,Sí
CAN0044,Ica,Macho,4.3,Mediano,No,Baja,23.8,8,Sí,23,No
CAN0045,Parcona,Hembra,7.5,Gigante,Sí,Moderada,54.3,6,No,25,Sí
CAN0046,La Tinguiña,Macho,9.5,Grande,Sí,Moderada,35.2,7,Sí,8,Sí
CAN0047,Ica,Hembra,0.5,Grande,Sí,Moderada,41.0,7,Sí,58,Sí
CAN0048,Ica,Hembra,7.8,Gigante,No,Moderada,46.0,3,No,34,Sí
CAN0049,Ica,Hembra,6.0,Pequeño,No,Baja,2.3,5,No,9,Sí
CAN0050,Subtanjalla,Macho,9.1,Mediano,No,Alta,27.2,6,No,49,Sí
CAN0051,La Tinguiña,Macho,1.1,Mediano,No,Baja,22.1,6,No,24,Sí
CAN0052,La Tinguiña,Hembra,9.0,Grande,No,Baja,30.7,7,Sí,39,Sí
CAN0053,Parcona,Hembra,4.5,Grande,No,Moderada,29.3,6,No,54,Sí
CAN0054,Ica,Hembra,9.9,Grande,Sí,Moderada,34.5,8,Sí,81,Sí
CAN0055,Ica,Macho,6.1,Mediano,No,Moderada,19.7,7,Sí,38,No
CAN0056,Ica,Hembra,5.4,Mediano,No,Baja,18.2,4,No,16,No
CAN0057,Ica,Macho,9.1,Mediano,Sí,Moderada,25.2,7,Sí,39,Sí
CAN0058,La Tinguiña,Macho,2.6,Grande,Sí,Moderada,27.9,4,No,57,No
CAN0059,La Tinguiña,Macho,12.1,Gigante,No,Moderada,49.3,7,Sí,35,Sí
CAN0060,La Tinguiña,Macho,0.5,Pequeño,No,Baja,15.1,8,Sí,78,Sí
CAN0061,Parcona,Macho,8.0,Mediano,No,Moderada,19.0,6,No,32,Sí
CAN0062,Parcona,Macho,5.2,Gigante,No,Baja,44.0,5,No,27,No
CAN0063,Parcona,Macho,2.6,Pequeño,Sí,Baja,11.0,4,No,57,Sí
CAN0064,Ica,Macho,5.6,Gigante,No,Alta,46.6,6,No,99,Sí
CAN0065,Ica,Hembra,6.3,Mediano,Sí,Baja,21.1,8,Sí,56,Sí
CAN0066,Subtanjalla,Hembra,4.0,Pequeño,Sí,Alta,8.7,7,Sí,52,Sí
CAN0067,Ica,Macho,7.3,Pequeño,Sí,Moderada,13.5,6,No,21,No
CAN0068,La Tinguiña,Macho,9.5,Pequeño,Sí,Alta,9.4,6,No,101,Sí
CAN0069,La Tinguiña,Hembra,5.5,Mediano,No,Moderada,22.4,6,No,54,Sí
CAN0070,Subtanjalla,Macho,9.0,Mediano,Sí,Baja,15.9,6,No,41,Sí
CAN0071,Ica,Hembra,4.4,Pequeño,No,Moderada,10.1,5,No,65,Sí
CAN0072,Parcona,Macho,9.6,Gigante,No,Baja,46.5,6,No,0,No
CAN0073,La Tinguiña,Macho,7.3,Grande,Sí,Moderada,30.3,6,No,26,Sí
CAN0074,La Tinguiña,Macho,3.7,Mediano,Sí,Baja,21.0,7,Sí,44,No
CAN0075,Ica,Hembra,7.7,Mediano,Sí,Alta,15.4,2,No,50,Sí
CAN0076,La Tinguiña,Macho,8.6,Mediano,Sí,Moderada,25.3,8,Sí,43,Sí
CAN0077,Ica,Macho,4.1,Mediano,Sí,Alta,21.0,6,No,34,Sí
CAN0078,Ica,Hembra,1.8,Mediano,Sí,Alta,25.9,7,Sí,54,Sí
CAN0079,Parcona,Hembra,4.6,Mediano,No,Moderada,14.3,5,No,75,Sí
CAN0080,Parcona,Macho,11.3,Pequeño,Sí,Moderada,3.7,5,No,12,Sí
CAN0081,Subtanjalla,Macho,2.5,Pequeño,Sí,Baja,14.8,8,Sí,11,Sí
CAN0082,La Tinguiña,Macho,5.2,Pequeño,Sí,Alta,10.1,4,No,38,Sí
CAN0083,Subtanjalla,Hembra,7.6,Gigante,Sí,Baja,44.0,7,Sí,43,No
CAN0084,Ica,Hembra,9.3,Gigante,Sí,Moderada,,6,No,79,Sí
CAN0085,Ica,Macho,11.4,Mediano,No,Moderada,20.2,6,No,39,No
CAN0086,La Tinguiña,Macho,7.4,Gigante,No,Moderada,43.8,6,No,66,Sí
CAN0087,Ica,Hembra,6.1,Mediano,Sí,,18.2,6,No,63,No
CAN0088,Parcona,Hembra,8.5,Mediano,Sí,Baja,17.8,6,No,41,No
CAN0089,La Tinguiña,Hembra,8.7,Mediano,Sí,Moderada,13.0,6,No,54,Sí
CAN0090,Ica,Hembra,0.5,Pequeño,Sí,Baja,9.0,6,No,40,Sí
CAN0091,Ica,Hembra,4.3,Grande,Sí,Baja,27.9,5,No,46,Sí
CAN0092,Parcona,Hembra,6.6,Pequeño,Sí,Baja,16.0,9,Sí,23,No
CAN0093,Parcona,Hembra,3.6,Pequeño,No,Moderada,7.9,4,No,39,Sí
CAN0094,Subtanjalla,Hembra,5.8,Mediano,Sí,Baja,24.5,7,Sí,49,Sí
CAN0095,Subtanjalla,Hembra,2.2,Grande,Sí,Moderada,24.6,4,No,76,Sí
CAN0096,Ica,Hembra,7.0,Gigante,No,Moderada,45.3,5,No,0,Sí
CAN0097,La Tinguiña,Hembra,9.5,Mediano,No,Moderada,25.5,7,Sí,83,No
CAN0098,Parcona,Hembra,0.5,Gigante,Sí,Baja,46.2,7,Sí,59,No
CAN0099,Subtanjalla,Macho,0.5,Grande,No,Baja,38.9,6,No,18,Sí
CAN0100,Parcona,Hembra,5.7,Pequeño,Sí,Alta,8.2,6,No,55,Sí
CAN0101,Parcona,Hembra,7.3,Mediano,No,Alta,17.6,5,No,71,Sí
CAN0102,Parcona,Macho,8.7,Pequeño,Sí,Alta,3.3,6,No,76,Sí
CAN0103,Parcona,Macho,1.4,Mediano,No,Baja,22.3,7,Sí,55,Sí
CAN0104,Ica,Macho,7.8,Pequeño,Sí,Baja,11.9,8,Sí,57,Sí
CAN0105,Ica,Hembra,9.8,Grande,No,Moderada,,6,No,36,Sí
CAN0106,Subtanjalla,Macho,3.0,Pequeño,No,Baja,6.9,5,No,0,No
CAN0107,Subtanjalla,Hembra,6.3,Gigante,Sí,Moderada,50.5,9,Sí,51,Sí
CAN0108,Parcona,Macho,5.6,Pequeño,Sí,Moderada,10.5,7,Sí,,Sí
CAN0109,Ica,Hembra,3.9,Pequeño,No,Moderada,6.5,5,No,22,Sí
CAN0110,La Tinguiña,Macho,5.4,Pequeño,No,Moderada,2.0,4,No,25,Sí
CAN0111,La Tinguiña,Hembra,2.7,Grande,Sí,Baja,37.4,7,Sí,0,Sí
CAN0112,Ica,Hembra,9.5,Mediano,No,Moderada,17.2,5,No,47,Sí
CAN0113,Subtanjalla,Macho,6.0,Mediano,Sí,Alta,19.6,5,No,114,No
CAN0114,Ica,Macho,6.9,Pequeño,Sí,Moderada,5.8,6,No,32,No
CAN0115,La Tinguiña,Hembra,9.2,Pequeño,No,Moderada,6.9,6,No,97,Sí
CAN0116,Parcona,Macho,0.5,Grande,No,Alta,28.8,6,No,106,Sí
CAN0117,Subtanjalla,Hembra,5.9,Gigante,No,Baja,50.2,4,No,7,No
CAN0118,Parcona,Macho,6.9,Gigante,No,Moderada,48.7,5,No,29,Sí
CAN0119,Ica,Macho,5.4,Pequeño,No,Alta,18.9,6,No,77,Sí
CAN0120,Subtanjalla,Hembra,5.7,Pequeño,No,Alta,8.1,6,No,77,No
CAN0121,La Tinguiña,Hembra,10.8,Mediano,Sí,Moderada,18.5,7,Sí,0,Sí
CAN0122,Parcona,Hembra,8.1,Pequeño,Sí,Moderada,,5,No,44,Sí
CAN0123,La Tinguiña,Macho,4.3,Grande,No,Moderada,30.2,4,No,33,No
CAN0124,Parcona,Hembra,11.2,Grande,No,Moderada,27.6,7,Sí,68,Sí
CAN0125,Ica,Macho,1.7,Mediano,Sí,Moderada,17.9,7,Sí,57,No
CAN0126,Subtanjalla,Macho,2.0,Mediano,Sí,Baja,22.3,8,Sí,44,Sí
CAN0127,Parcona,Hembra,5.7,Pequeño,Sí,Baja,7.3,6,No,55,Sí
CAN0128,Ica,Hembra,9.0,Mediano,No,Alta,21.4,6,No,96,Sí
CAN0129,Ica,Hembra,3.0,Mediano,Sí,Moderada,26.8,8,Sí,32,No
CAN0130,Parcona,Hembra,4.6,Pequeño,No,Alta,12.8,6,No,94,No
CAN0131,La Tinguiña,Macho,6.9,Pequeño,Sí,Moderada,10.1,5,No,77,No
CAN0132,La Tinguiña,Hembra,2.1,Pequeño,No,Baja,13.5,9,Sí,16,Sí
CAN0133,Parcona,Hembra,9.6,Grande,Sí,Moderada,30.4,7,Sí,22,Sí
CAN0134,La Tinguiña,Hembra,4.4,Grande,No,Baja,32.5,6,No,48,Sí
CAN0135,Ica,Hembra,7.0,Grande,No,Moderada,35.8,6,No,13,Sí
CAN0136,Subtanjalla,Macho,5.0,Pequeño,Sí,Baja,8.4,7,Sí,18,Sí
CAN0137,Subtanjalla,Macho,3.2,Mediano,No,Alta,17.3,4,No,81,Sí
CAN0138,Subtanjalla,Hembra,10.2,Grande,No,Moderada,28.4,5,No,0,Sí
CAN0139,Parcona,Hembra,7.7,Pequeño,Sí,Baja,16.1,6,No,18,Sí
CAN0140,Ica,Macho,7.7,Mediano,Sí,Moderada,20.0,8,Sí,63,Sí
CAN0141,Parcona,Hembra,3.3,Grande,No,Alta,32.3,7,Sí,76,Sí
CAN0142,Ica,Hembra,10.0,Gigante,Sí,Moderada,44.1,4,No,51,Sí
CAN0143,La Tinguiña,Hembra,9.6,Gigante,Sí,Baja,51.4,8,Sí,47,Sí
CAN0144,La Tinguiña,Hembra,7.6,Grande,Sí,Alta,26.8,3,No,61,No
CAN0145,Ica,Macho,5.3,Grande,No,Moderada,26.8,4,No,42,Sí
CAN0146,Parcona,Macho,3.9,Gigante,No,Alta,46.7,3,No,80,Sí
CAN0147,Parcona,Macho,5.5,Pequeño,Sí,Baja,6.8,7,Sí,8,No
CAN0148,Ica,Macho,2.5,Grande,Sí,Alta,29.7,6,No,54,Sí
CAN0149,Parcona,Hembra,7.4,Mediano,No,Baja,18.6,7,Sí,12,Sí
CAN0150,La Tinguiña,Macho,9.4,Pequeño,No,Moderada,2.6,5,No,62,Sí
CAN0151,Ica,Macho,9.3,Pequeño,Sí,Alta,7.1,5,No,77,Sí
CAN0152,Subtanjalla,Hembra,5.2,Pequeño,No,Moderada,6.8,4,No,23,Sí
CAN0153,Parcona,Hembra,4.7,Pequeño,Sí,Baja,10.2,7,Sí,49,Sí
CAN0154,Subtanjalla,Hembra,5.0,Pequeño,Sí,Moderada,20.5,8,Sí,10,Sí
CAN0155,La Tinguiña,Hembra,3.3,Gigante,Sí,Moderada,47.7,6,No,61,No
CAN0156,Parcona,Hembra,6.1,Grande,Sí,Moderada,27.7,4,No,45,No
CAN0157,Subtanjalla,Macho,7.5,Mediano,No,Baja,13.0,3,No,46,Sí
CAN0158,Subtanjalla,Macho,3.1,Mediano,No,Moderada,12.5,2,No,105,No
CAN0159,Parcona,Macho,7.8,Mediano,No,Moderada,20.6,6,No,31,Sí
CAN0160,Ica,Hembra,1.1,Pequeño,Sí,Alta,8.5,7,Sí,81,No
CAN0161,La Tinguiña,Hembra,3.9,Mediano,No,Moderada,11.1,5,No,33,No
CAN0162,Subtanjalla,Hembra,5.5,Pequeño,No,Moderada,9.7,5,No,58,Sí
CAN0163,Subtanjalla,Hembra,10.1,Mediano,No,Moderada,9.7,4,No,48,No
CAN0164,Parcona,Macho,3.1,Grande,No,Baja,36.5,7,Sí,27,Sí
CAN0165,Parcona,Hembra,6.9,Pequeño,No,Moderada,5.2,4,No,29,No
CAN0166,Ica,Hembra,4.5,Mediano,Sí,Moderada,20.0,6,No,49,Sí
CAN0167,Subtanjalla,Macho,2.8,Grande,No,Moderada,28.1,5,No,55,Sí
CAN0168,Ica,Hembra,1.0,Mediano,No,Baja,18.7,7,Sí,,Sí
CAN0169,Parcona,Macho,2.5,Grande,No,Moderada,26.7,3,No,57,Sí
CAN0170,La Tinguiña,Hembra,1.6,Grande,Sí,Moderada,26.6,5,No,46,Sí
CAN0171,La Tinguiña,Hembra,3.3,Mediano,Sí,,17.7,5,No,86,Sí
CAN0172,La Tinguiña,Hembra,9.8,Pequeño,No,Moderada,4.9,4,No,76,Sí
CAN0173,Subtanjalla,Hembra,5.6,Mediano,Sí,Moderada,23.3,7,Sí,31,Sí
CAN0174,Ica,Hembra,11.9,Gigante,No,Alta,52.8,8,Sí,79,No
CAN0175,Subtanjalla,Hembra,6.2,Pequeño,No,Moderada,9.5,5,No,75,Sí
CAN0176,Ica,Macho,7.1,Mediano,No,Baja,12.7,5,No,9,No
CAN0177,Ica,Hembra,8.5,Gigante,No,Moderada,41.0,4,No,48,No
CAN0178,Subtanjalla,Hembra,6.7,Grande,Sí,Moderada,40.0,7,Sí,59,No
CAN0179,Ica,Macho,2.9,Pequeño,No,,10.5,7,Sí,59,Sí
CAN0180,Subtanjalla,Hembra,6.7,Pequeño,Sí,Baja,18.3,7,Sí,26,No
CAN0181,Ica,Hembra,2.1,Grande,Sí,Baja,33.2,7,Sí,22,Sí
CAN0182,Ica,Hembra,2.5,Grande,Sí,Moderada,34.1,7,Sí,36,Sí
CAN0183,Ica,Hembra,7.1,Gigante,No,Baja,48.4,7,Sí,19,No
CAN0184,Subtanjalla,Hembra,9.2,Mediano,No,Moderada,14.0,5,No,19,Sí
CAN0185,Parcona,Hembra,10.3,Pequeño,Sí,Baja,4.5,5,No,24,Sí
CAN0186,Ica,Macho,4.6,Grande,Sí,Baja,37.2,8,Sí,34,Sí
CAN0187,La Tinguiña,Hembra,7.2,Pequeño,No,Baja,11.6,6,No,0,Sí
CAN0188,Parcona,Macho,7.0,Pequeño,Sí,Baja,9.1,8,Sí,6,Sí
CAN0189,Ica,Hembra,6.1,Grande,Sí,Moderada,31.2,4,No,61,Sí
CAN0190,Parcona,Macho,6.9,Grande,Sí,Baja,37.8,9,Sí,38,Sí
CAN0191,Ica,Macho,6.1,Grande,No,Baja,24.9,5,No,,No
CAN0192,Ica,Macho,8.6,Grande,No,Moderada,26.0,4,No,35,Sí
CAN0193,Ica,Macho,2.4,Grande,No,Baja,24.8,4,No,40,Sí
CAN0194,Ica,Macho,9.0,Gigante,Sí,Moderada,48.0,6,No,93,Sí
CAN0195,Ica,Macho,1.5,Mediano,Sí,Moderada,16.6,5,No,74,No
CAN0196,La Tinguiña,Hembra,0.8,Grande,No,Moderada,,6,No,58,Sí
CAN0197,Parcona,Macho,0.7,Pequeño,No,Moderada,6.1,3,No,40,No
CAN0198,Subtanjalla,Macho,5.7,Pequeño,Sí,Moderada,15.8,6,No,62,No
CAN0199,Ica,Hembra,6.8,Mediano,Sí,Alta,17.9,6,No,53,Sí
CAN0200,Subtanjalla,Macho,0.5,Pequeño,Sí,Baja,9.2,5,No,2,Sí
CAN0201,Subtanjalla,Hembra,5.5,Mediano,Sí,Moderada,15.8,6,No,27,Sí
CAN0202,Ica,Hembra,6.3,Mediano,Sí,Moderada,20.7,6,No,49,No
CAN0203,Ica,Hembra,0.5,Grande,Sí,Baja,38.0,6,No,54,No
CAN0204,Ica,Hembra,6.3,Pequeño,No,Baja,13.7,6,No,9,Sí
CAN0205,La Tinguiña,Macho,3.9,Grande,No,Alta,34.5,6,No,63,No
CAN0206,Ica,Macho,3.1,Grande,Sí,Moderada,32.2,8,Sí,5,No
CAN0207,Ica,Macho,12.8,Grande,Sí,Moderada,34.1,6,No,24,Sí
CAN0208,La Tinguiña,Hembra,1.6,Mediano,No,Alta,21.0,7,Sí,34,No
CAN0209,Ica,Hembra,4.0,Grande,No,Moderada,34.4,6,No,45,No
CAN0210,Subtanjalla,Macho,7.4,Pequeño,Sí,Baja,13.9,7,Sí,10,Sí
CAN0211,Subtanjalla,Macho,10.8,Mediano,Sí,Moderada,13.5,5,No,26,No
CAN0212,Ica,Hembra,2.6,Mediano,No,Baja,18.8,7,Sí,47,No
CAN0213,Ica,Hembra,5.6,Grande,Sí,Moderada,32.7,6,No,32,No
CAN0214,Ica,Hembra,5.4,Pequeño,No,Moderada,9.3,5,No,67,Sí
CAN0215,La Tinguiña,Macho,7.7,Pequeño,Sí,Baja,10.8,8,Sí,18,Sí
CAN0216,Ica,Macho,3.4,Pequeño,Sí,Alta,16.6,8,Sí,105,No
CAN0217,Ica,Macho,9.5,Grande,No,Moderada,33.4,5,No,36,Sí
CAN0218,Ica,Hembra,8.5,Gigante,Sí,Moderada,58.4,7,Sí,49,Sí
CAN0219,Parcona,Hembra,5.1,Mediano,No,Moderada,21.3,6,No,33,Sí
CAN0220,Ica,Hembra,10.0,Mediano,Sí,Alta,18.2,6,No,93,No
CAN0221,Subtanjalla,Hembra,1.6,Gigante,Sí,Baja,,7,Sí,53,Sí
CAN0222,Subtanjalla,Macho,6.8,Mediano,No,Baja,21.8,7,Sí,26,Sí
CAN0223,Ica,Hembra,3.0,Grande,No,Moderada,29.0,9,No,38,Sí
CAN0224,La Tinguiña,Macho,12.8,Mediano,No,Moderada,17.0,5,No,82,Sí
CAN0225,Parcona,Hembra,8.8,Grande,No,Moderada,34.8,7,Sí,102,Sí
CAN0226,Parcona,Hembra,3.3,Mediano,No,Baja,24.9,8,Sí,52,Sí
CAN0227,Subtanjalla,Hembra,9.6,Mediano,No,Moderada,18.5,6,No,29,No
CAN0228,La Tinguiña,Macho,1.5,Pequeño,Sí,Baja,15.2,7,Sí,55,Sí
CAN0229,Ica,Hembra,5.3,Mediano,No,Alta,14.2,5,No,87,Sí
CAN0230,Subtanjalla,Macho,0.5,Gigante,No,Alta,50.9,7,Sí,54,Sí
CAN0231,Parcona,Hembra,4.7,Gigante,Sí,Moderada,47.0,5,No,12,Sí
CAN0232,Ica,Hembra,5.4,Mediano,Sí,Moderada,15.4,6,No,12,Sí
CAN0233,Ica,Hembra,5.4,Grande,Sí,Alta,35.8,6,No,81,Sí
CAN0234,Ica,Hembra,6.9,Grande,Sí,Baja,34.4,6,No,22,Sí
CAN0235,Parcona,Hembra,4.4,Grande,Sí,Moderada,,5,No,48,Sí
CAN0236,La Tinguiña,Hembra,6.0,Gigante,No,Alta,48.9,7,Sí,83,Sí
CAN0237,Ica,Macho,5.9,Pequeño,Sí,Baja,13.3,7,Sí,54,Sí
CAN0238,Ica,Hembra,4.2,Pequeño,No,Baja,4.6,6,No,19,Sí
CAN0239,Ica,Macho,3.7,Pequeño,No,Alta,13.0,6,No,95,Sí
CAN0240,Ica,Hembra,4.9,Grande,Sí,Baja,31.3,6,No,15,Sí
CAN0241,Subtanjalla,Hembra,2.8,Mediano,Sí,Moderada,19.2,5,No,16,Sí
CAN0242,Ica,Macho,9.1,Pequeño,No,Baja,8.4,7,Sí,17,Sí
CAN0243,Ica,Macho,7.5,Pequeño,Sí,Moderada,6.5,5,No,,Sí
CAN0244,Parcona,Macho,4.5,Grande,Sí,Moderada,34.6,5,No,54,Sí
CAN0245,Parcona,Hembra,6.8,Gigante,Sí,Moderada,53.0,7,Sí,49,Sí
CAN0246,Parcona,Hembra,5.4,Mediano,Sí,Moderada,19.5,6,No,74,Sí
CAN0247,La Tinguiña,Hembra,6.5,Pequeño,No,Alta,7.8,5,No,48,No
CAN0248,Parcona,Macho,6.9,Pequeño,No,Alta,2.0,5,No,64,Sí
CAN0249,Ica,Hembra,6.5,Grande,No,Moderada,36.4,5,No,50,No
CAN0250,Ica,Macho,0.5,Pequeño,Sí,Moderada,10.9,6,No,31,Sí
CAN0251,Parcona,Macho,6.5,Pequeño,Sí,Moderada,6.9,6,No,0,Sí
CAN0252,La Tinguiña,Hembra,3.9,Mediano,Sí,Moderada,19.8,6,No,77,Sí
CAN0253,La Tinguiña,Hembra,6.4,Grande,Sí,Alta,35.6,4,No,65,Sí
CAN0254,Ica,Macho,9.3,Grande,Sí,Baja,32.5,8,Sí,25,Sí
CAN0255,Subtanjalla,Macho,10.4,Pequeño,Sí,Moderada,10.4,5,No,65,No
CAN0256,Subtanjalla,Hembra,5.1,Pequeño,Sí,Alta,12.2,6,No,52,Sí
CAN0257,Parcona,Hembra,3.5,Pequeño,Sí,Moderada,10.9,8,Sí,49,Sí
CAN0258,Subtanjalla,Hembra,5.5,Pequeño,No,Moderada,9.3,6,No,54,Sí
CAN0259,Ica,Macho,8.3,Pequeño,No,Baja,16.7,6,No,11,Sí
CAN0260,Parcona,Hembra,3.9,Mediano,Sí,Baja,19.8,6,No,18,No
CAN0261,Ica,Hembra,6.1,Pequeño,Sí,Baja,11.1,6,No,35,Sí
CAN0262,Subtanjalla,Macho,4.1,Pequeño,Sí,Alta,11.0,6,No,99,Sí
CAN0263,La Tinguiña,Hembra,4.9,Mediano,Sí,Baja,18.8,6,No,18,Sí
CAN0264,La Tinguiña,Hembra,6.3,Mediano,No,Moderada,21.9,5,No,79,Sí
CAN0265,Ica,Macho,7.5,Gigante,Sí,Baja,53.1,8,Sí,22,Sí
CAN0266,Ica,Hembra,4.7,Mediano,No,Moderada,18.4,5,No,0,Sí
CAN0267,Ica,Macho,13.9,Gigante,Sí,Moderada,44.7,5,No,54,No
CAN0268,Ica,Macho,6.2,Grande,Sí,Moderada,32.1,5,No,49,Sí
CAN0269,Ica,Hembra,4.2,Mediano,Sí,Moderada,20.7,7,Sí,91,Sí
CAN0270,La Tinguiña,Hembra,3.2,Mediano,Sí,Baja,24.2,8,Sí,36,No
CAN0271,La Tinguiña,Macho,5.1,Gigante,No,Moderada,49.1,6,No,38,Sí
CAN0272,Parcona,Hembra,5.4,Grande,Sí,Alta,30.5,5,No,57,Sí
CAN0273,Parcona,Hembra,10.4,Mediano,Sí,Alta,17.5,5,No,75,Sí
CAN0274,Parcona,Macho,4.2,Grande,Sí,Baja,30.9,5,No,21,Sí
CAN0275,Ica,Hembra,12.1,Mediano,Sí,Baja,24.5,7,Sí,36,No
CAN0276,Parcona,Macho,6.5,Mediano,Sí,Moderada,15.3,7,Sí,72,Sí
CAN0277,La Tinguiña,Hembra,10.6,Pequeño,No,Moderada,12.1,7,Sí,24,Sí
CAN0278,Subtanjalla,Hembra,7.7,Mediano,Sí,Moderada,17.9,6,No,14,Sí
CAN0279,La Tinguiña,Macho,10.0,Mediano,No,Alta,12.9,3,No,92,Sí
CAN0280,Ica,Macho,4.5,Mediano,Sí,Moderada,22.1,7,Sí,60,Sí
CAN0281,Ica,Hembra,6.0,Grande,No,Baja,35.6,7,Sí,7,No
CAN0282,Subtanjalla,Macho,6.2,Grande,Sí,,24.8,5,No,28,Sí
CAN0283,Ica,Hembra,8.9,Grande,Sí,Baja,35.4,9,Sí,27,No
CAN0284,La Tinguiña,Hembra,7.6,Grande,Sí,Moderada,27.5,6,No,13,Sí
CAN0285,Subtanjalla,Hembra,7.8,Pequeño,Sí,Moderada,5.6,5,No,81,Sí
CAN0286,Parcona,Macho,4.5,Pequeño,Sí,Moderada,7.8,5,No,25,Sí
CAN0287,La Tinguiña,Hembra,3.0,Mediano,No,Moderada,15.2,3,No,73,Sí
CAN0288,Ica,Macho,5.5,Pequeño,Sí,Moderada,16.8,8,Sí,29,No
CAN0289,Parcona,Macho,5.8,Pequeño,Sí,,6.0,7,Sí,24,Sí
CAN0290,Ica,Hembra,7.3,Mediano,No,Alta,26.4,6,No,69,Sí
CAN0291,Ica,Macho,6.6,Mediano,Sí,Moderada,22.7,7,Sí,14,Sí
CAN0292,Parcona,Hembra,1.4,Grande,No,Baja,28.6,6,No,42,No
CAN0293,Subtanjalla,Macho,0.5,Mediano,No,Alta,15.8,3,No,95,Sí
CAN0294,Parcona,Hembra,9.8,Mediano,Sí,Moderada,10.6,5,No,90,No
CAN0295,Ica,Macho,6.4,Grande,Sí,Moderada,25.4,6,No,52,Sí
CAN0296,La Tinguiña,Hembra,6.2,Pequeño,No,Baja,7.2,7,Sí,55,No
CAN0297,La Tinguiña,Macho,7.2,Grande,Sí,Alta,34.5,6,No,57,Sí
CAN0298,Subtanjalla,Hembra,9.4,Gigante,Sí,Moderada,52.4,6,No,57,Sí
CAN0299,Subtanjalla,Macho,3.6,Mediano,Sí,Moderada,20.2,6,No,54,Sí
CAN0300,Parcona,Macho,10.6,Mediano,No,Alta,24.5,6,No,87,Sí
CAN0123,La Tinguiña,Macho,4.3,Grande,No,Moderada,30.2,4,No,33,No
CAN0076,La Tinguiña,Macho,8.6,Mediano,Sí,Moderada,25.3,8,Sí,43,Sí
