id_lechon,granja,sexo,peso_nacimiento_kg,tamano_camada,paridad_madre,calostro_2h,temperatura_6h_c,diarrea_neonatal,mortalidad_neonatal,peso_destete_kg
LEC0001,Granja B,Macho,1.63,12,2,No,36.9,No,No,11.9
LEC0002,Granja C,Macho,1.23,14,3,Sí,38.6,No,Sí,9.9
LEC0003,Granja A,Hembra,1.12,13,6,Sí,38.7,No,No,10.5
LEC0004,Granja B,Macho,1.07,8,5,Sí,38.8,No,No,11.8
LEC0005,Granja B,Hembra,1.19,14,3,Sí,37.5,No,No,9.1
LEC0006,Granja A,Hembra,1.16,8,5,Sí,38.4,No,No,9.9
LEC0007,Granja B,Hembra,1.67,11,2,Sí,38.5,No,No,12.0
LEC0008,Granja C,Macho,1.34,14,4,No,37.0,Sí,No,9.8
LEC0009,Granja C,Hembra,1.35,14,4,Sí,38.9,No,No,11.4
LEC0010,Granja A,Macho,1.7,10,5,Sí,39.0,No,No,12.0
LEC0011,Granja B,Hembra,1.62,12,4,Sí,39.2,No,No,8.3
LEC0012,Granja A,Hembra,1.58,14,7,Sí,37.9,No,No,10.8
LEC0013,Granja C,Hembra,0.58,10,3,No,38.3,No,Sí,10.1
LEC0014,Granja C,Macho,1.69,9,3,No,38.4,No,No,11.1
LEC0015,Granja C,Hembra,1.22,10,2,Sí,37.9,No,No,9.7
LEC0016,Granja B,Macho,1.51,9,2,Sí,38.6,No,No,12.0
LEC0017,Granja C,Macho,1.46,11,3,Sí,38.4,No,No,10.8
LEC0018,Granja A,Hembra,1.32,14,8,Sí,38.2,No,Sí,8.5
LEC0019,Granja B,Hembra,1.56,14,4,No,37.3,Sí,No,11.6
LEC0020,Granja B,Macho,1.17,10,3,Sí,37.8,No,No,11.5
LEC0021,Granja B,Macho,1.46,11,2,Sí,37.8,No,No,11.9
LEC0022,Granja D,Macho,1.65,12,1,Sí,38.1,Sí,No,11.4
LEC0023,Granja B,Macho,1.57,14,3,Sí,38.6,No,No,12.0
LEC0024,Granja C,Macho,1.41,13,4,Sí,38.7,No,No,9.7
LEC0025,Granja D,Macho,1.24,9,1,Sí,38.0,No,No,12.0
LEC0026,Granja C,Hembra,1.31,11,1,Sí,38.7,No,No,10.0
LEC0027,Granja A,Macho,1.2,16,3,Sí,38.8,No,No,10.2
LEC0028,Granja B,Hembra,1.45,12,4,Sí,38.2,No,No,11.3
LEC0029,Granja C,Macho,1.42,14,6,Sí,38.6,No,No,11.5
LEC0030,Granja B,Macho,1.72,14,6,Sí,38.3,No,No,12.0
LEC0031,Granja D,Macho,1.47,9,3,Sí,38.4,Sí,No,10.7
LEC0032,Granja D,Macho,1.59,14,2,Sí,38.1,No,No,11.2
LEC0033,Granja B,Macho,1.56,12,3,Sí,38.4,No,No,11.8
LEC0034,Granja A,Macho,0.98,10,1,No,38.1,No,Sí,9.1
LEC0035,Granja A,Macho,1.25,10,6,No,38.4,Sí,No,10.2
LEC0036,Granja A,Macho,1.56,12,1,No,37.7,No,No,11.0
LEC0037,Granja B,Hembra,1.08,10,1,Sí,37.5,No,No,9.5
LEC0038,Granja C,Macho,1.53,9,3,Sí,39.1,No,No,10.4
LEC0039,Granja C,Macho,1.16,9,6,Sí,38.6,No,No,11.4
LEC0040,Granja B,Hembra,1.52,8,3,Sí,38.7,No,No,11.7
LEC0041,Granja D,Macho,1.02,11,6,Sí,38.4,No,No,8.3
LEC0042,Granja A,Macho,1.28,13,6,Sí,38.3,No,No,9.1
LEC0043,Granja C,Macho,1.27,9,5,Sí,38.8,No,No,9.8
LEC0044,Granja A,Macho,1.33,14,4,Sí,38.4,Sí,No,10.0
LEC0045,Granja D,Hembra,1.55,12,2,No,37.0,No,No,12.0
LEC0046,Granja D,Macho,1.02,10,2,Sí,37.8,No,No,9.6
LEC0047,Granja B,Hembra,1.85,9,2,Sí,38.8,No,No,12.0
LEC0048,Granja A,Macho,1.62,13,6,Sí,38.3,No,No,10.9
LEC0049,Granja C,Hembra,1.34,14,5,Sí,38.1,No,No,12.0
LEC0050,Granja B,Hembra,0.82,15,3,Sí,37.8,No,No,10.2
LEC0051,Granja D,Macho,1.16,13,3,Sí,38.8,No,No,10.2
LEC0052,Granja C,Hembra,1.68,13,4,Sí,38.9,No,No,11.6
LEC0053,Granja C,Hembra,1.26,11,4,Sí,38.5,No,No,10.4
LEC0054,Granja B,Macho,0.9,13,4,Sí,38.7,No,No,10.7
LEC0055,Granja A,Macho,0.94,12,3,Sí,39.0,No,No,8.6
LEC0056,Granja C,Macho,1.57,12,3,Sí,38.0,No,No,12.0
LEC0057,Granja B,Hembra,1.39,7,4,Sí,38.0,No,No,10.8
LEC0058,Granja B,Hembra,1.15,12,3,Sí,37.9,No,No,11.1
LEC0059,Granja A,Hembra,1.13,10,6,Sí,38.5,Sí,No,8.7
LEC0060,Granja D,Macho,1.44,11,3,No,38.3,Sí,No,10.8
LEC0061,Granja A,Hembra,1.06,12,4,Sí,38.0,No,No,8.4
LEC0062,Granja A,Macho,0.99,11,6,Sí,38.4,No,No,8.3
LEC0063,Granja D,Macho,1.18,10,2,No,38.3,No,Sí,9.3
LEC0064,Granja C,Hembra,1.6,12,3,Sí,37.9,No,No,10.9
LEC0065,Granja B,Macho,1.18,14,4,Sí,37.8,No,No,10.9
LEC0066,Granja D,Macho,0.93,11,4,Sí,38.8,No,No,9.9
LEC0067,Granja C,Hembra,1.42,13,2,No,37.3,No,No,12.0
LEC0068,Granja A,Hembra,1.04,10,6,Sí,38.4,No,No,10.0
LEC0069,Granja C,Hembra,1.56,16,6,Sí,38.1,No,No,11.4
LEC0070,Granja B,Hembra,1.35,12,1,Sí,37.8,No,No,12.0
LEC0071,Granja D,Macho,,10,5,Sí,37.9,No,No,11.1
LEC0072,Granja D,Macho,1.42,12,1,Sí,38.6,No,No,12.0
LEC0073,Granja C,Hembra,1.82,13,6,Sí,38.0,Sí,No,12.0
LEC0074,Granja A,Hembra,1.57,11,6,No,37.8,No,No,11.6
LEC0075,Granja A,Hembra,1.34,10,3,No,37.2,Sí,No,10.0
LEC0076,Granja B,Hembra,1.46,12,3,No,37.0,No,No,8.9
LEC0077,Granja B,Hembra,1.4,11,5,Sí,38.2,No,No,11.8
LEC0078,Granja D,Hembra,1.52,8,6,Sí,38.4,No,No,11.3
LEC0079,Granja A,Macho,1.09,15,6,Sí,38.6,No,No,8.6
LEC0080,Granja D,Macho,1.3,11,7,Sí,38.5,No,No,10.0
LEC0081,Granja A,Hembra,1.89,14,7,No,37.6,No,No,12.0
LEC0082,Granja B,Macho,1.27,17,4,No,37.7,No,No,10.0
LEC0083,Granja B,Macho,1.19,17,2,Sí,37.7,No,No,11.2
LEC0084,Granja D,Macho,1.09,12,3,Sí,38.6,Sí,No,9.6
LEC0085,Granja C,Hembra,1.11,15,2,No,38.7,Sí,No,10.7
LEC0086,Granja A,Hembra,1.25,12,4,Sí,38.2,No,No,10.4
LEC0087,Granja A,Macho,1.41,10,5,Sí,38.1,No,No,9.6
LEC0088,Granja C,Hembra,0.95,12,3,Sí,38.1,No,No,9.2
LEC0089,Granja C,Hembra,1.55,7,5,Sí,38.6,No,No,12.0
LEC0090,Granja B,Hembra,1.12,7,4,Sí,38.2,No,No,10.3
LEC0091,Granja A,Hembra,1.37,8,4,Sí,38.7,No,Sí,11.8
LEC0092,Granja D,Macho,1.04,12,1,Sí,38.7,Sí,No,10.0
LEC0093,Granja D,Macho,1.36,13,1,No,37.6,No,No,8.3
LEC0094,Granja C,Macho,1.52,10,2,Sí,37.8,No,No,12.0
LEC0095,Granja D,Hembra,0.95,14,7,Sí,38.0,No,No,9.9
LEC0096,Granja B,Hembra,1.44,9,2,Sí,39.1,No,No,12.0
LEC0097,Granja C,Hembra,1.37,7,7,,38.1,No,No,8.6
LEC0098,Granja B,Macho,1.13,12,3,Sí,37.5,No,No,10.1
LEC0099,Granja A,Hembra,1.48,14,2,Sí,38.4,No,No,10.4
LEC0100,Granja C,Hembra,1.06,12,6,Sí,38.7,No,No,12.0
LEC0101,Granja A,Macho,1.16,10,4,Sí,38.2,Sí,No,11.1
LEC0102,Granja B,Hembra,1.21,14,3,Sí,38.4,No,No,10.8
LEC0103,Granja B,Macho,1.58,13,4,No,,No,Sí,11.3
LEC0104,Granja B,Hembra,0.62,13,6,Sí,38.6,Sí,No,9.7
LEC0105,Granja B,Hembra,1.12,12,4,Sí,37.6,No,No,11.8
LEC0106,Granja D,Hembra,1.39,11,3,No,37.6,No,No,9.4
LEC0107,Granja C,Hembra,1.41,11,4,Sí,38.5,No,No,10.2
LEC0108,Granja A,Macho,0.92,7,5,Sí,38.3,No,No,9.5
LEC0109,Granja C,Hembra,0.94,17,6,Sí,38.2,No,No,11.0
LEC0110,Granja B,Hembra,1.34,12,4,Sí,38.7,No,No,11.7
LEC0111,Granja B,Hembra,1.26,10,2,Sí,38.2,Sí,No,9.7
LEC0112,Granja B,Macho,0.87,13,2,Sí,38.8,No,No,9.2
LEC0113,Granja D,Macho,1.69,9,3,Sí,38.9,No,No,12.0
LEC0114,Granja C,Macho,1.37,14,7,Sí,38.5,No,No,10.7
LEC0115,Granja C,Hembra,1.54,12,1,Sí,38.7,No,No,11.3
LEC0116,Granja D,Hembra,1.56,12,3,No,37.5,No,No,12.0
LEC0117,Granja D,Macho,1.45,12,2,No,37.8,Sí,No,9.9
LEC0118,Granja C,Macho,1.4,14,7,Sí,38.2,No,No,11.5
LEC0119,Granja D,Hembra,1.27,9,6,No,37.5,No,No,12.0
LEC0120,Granja C,Macho,1.39,12,5,,38.6,No,No,12.0
LEC0121,Granja C,Macho,1.36,12,6,No,37.8,No,Sí,9.9
LEC0122,Granja A,Hembra,1.26,14,3,No,38.4,No,No,10.2
LEC0123,Granja D,Hembra,1.43,12,5,Sí,39.0,No,No,9.8
LEC0124,Granja A,Hembra,1.74,10,5,No,37.9,No,No,12.0
LEC0125,Granja A,Macho,1.29,10,3,Sí,39.2,No,No,9.1
LEC0126,Granja A,Hembra,1.47,13,2,Sí,38.0,No,No,12.0
LEC0127,Granja D,Macho,1.73,13,5,,37.4,No,Sí,12.0
LEC0128,Granja C,Macho,1.39,14,5,Sí,39.0,No,No,11.3
LEC0129,Granja A,Hembra,1.44,9,5,Sí,38.1,No,No,9.3
LEC0130,Granja A,Macho,1.24,11,5,Sí,38.5,No,No,9.5
LEC0131,Granja C,Macho,1.17,13,3,Sí,37.6,No,No,10.1
LEC0132,Granja A,Hembra,1.17,13,5,Sí,,Sí,No,9.5
LEC0133,Granja B,Hembra,1.31,11,1,Sí,38.8,Sí,No,9.5
LEC0134,Granja B,Macho,1.19,8,4,No,36.9,No,No,9.2
LEC0135,Granja D,Macho,1.29,11,6,No,38.2,No,Sí,11.5
LEC0136,Granja C,Hembra,1.49,13,2,No,37.9,No,Sí,9.8
LEC0137,Granja D,Macho,1.13,15,7,No,37.9,No,No,10.7
LEC0138,Granja C,Hembra,1.08,13,2,Sí,,No,No,10.4
LEC0139,Granja C,Macho,1.16,17,3,Sí,38.2,Sí,No,10.5
LEC0140,Granja D,Macho,1.05,8,3,Sí,38.0,No,No,9.9
LEC0141,Granja D,Hembra,1.59,13,5,Sí,38.1,No,No,11.0
LEC0142,Granja C,Hembra,1.11,9,4,Sí,37.5,No,No,10.5
LEC0143,Granja C,Macho,1.33,11,1,Sí,38.0,No,No,11.2
LEC0144,Granja D,Hembra,0.93,8,3,Sí,38.0,No,No,9.8
LEC0145,Granja C,Hembra,1.27,11,2,Sí,37.9,No,No,9.4
LEC0146,Granja D,Macho,1.5,9,2,Sí,38.5,No,No,11.5
LEC0147,Granja A,Macho,,11,4,Sí,38.5,No,No,10.8
LEC0148,Granja B,Macho,1.7,11,2,Sí,38.8,No,No,12.0
LEC0149,Granja C,Macho,0.94,11,3,Sí,38.3,Sí,No,7.6
LEC0150,Granja D,Hembra,0.63,10,4,Sí,39.0,Sí,No,8.1
LEC0151,Granja B,Hembra,1.52,14,4,Sí,38.2,No,No,11.2
LEC0152,Granja D,Macho,1.13,11,3,Sí,37.5,No,No,10.3
LEC0153,Granja A,Macho,1.53,13,4,Sí,37.6,No,No,10.3
LEC0154,Granja D,Hembra,1.34,13,3,Sí,38.5,No,No,11.5
LEC0155,Granja A,Macho,0.93,7,4,No,37.5,No,Sí,9.3
LEC0156,Granja C,Hembra,1.6,14,6,Sí,37.8,No,No,12.0
LEC0157,Granja D,Macho,1.76,13,1,Sí,38.1,No,No,12.0
LEC0158,Granja B,Macho,1.41,17,5,No,37.9,No,Sí,9.1
LEC0159,Granja D,Hembra,1.04,11,5,Sí,38.2,No,No,11.2
LEC0160,Granja C,Hembra,1.33,14,2,Sí,39.5,No,No,10.9
LEC0161,Granja B,Hembra,1.21,16,2,Sí,38.5,No,No,10.0
LEC0162,Granja A,Hembra,,14,4,Sí,38.9,No,Sí,7.0
LEC0163,Granja A,Hembra,1.46,11,4,No,37.7,Sí,Sí,12.0
LEC0164,Granja C,Macho,0.93,16,3,Sí,38.2,No,No,10.2
LEC0165,Granja B,Macho,1.21,13,5,Sí,38.6,No,No,10.5
LEC0166,Granja D,Hembra,1.61,13,5,Sí,38.7,No,No,10.9
LEC0167,Granja D,Hembra,1.25,10,3,No,37.7,Sí,No,10.4
LEC0168,Granja C,Macho,1.34,9,6,Sí,38.7,Sí,No,11.1
LEC0169,Granja A,Hembra,1.59,11,3,No,37.0,No,Sí,9.7
LEC0170,Granja A,Hembra,1.0,8,7,Sí,37.5,No,No,9.0
LEC0171,Granja D,Macho,1.11,9,5,No,38.5,No,Sí,8.0
LEC0172,Granja C,Macho,1.21,11,3,Sí,37.7,No,No,9.2
LEC0173,Granja B,Hembra,0.98,11,6,Sí,38.1,Sí,No,9.7
LEC0174,Granja B,Hembra,1.02,11,2,Sí,38.7,Sí,No,10.3
LEC0175,Granja B,Macho,1.47,13,5,Sí,37.8,No,No,11.5
LEC0176,Granja A,Hembra,1.15,13,2,Sí,38.2,No,No,9.0
LEC0177,Granja D,Hembra,1.36,13,6,No,38.1,No,No,12.0
LEC0178,Granja B,Hembra,0.88,12,5,Sí,38.0,No,Sí,7.7
LEC0179,Granja C,Macho,0.71,12,5,Sí,37.9,No,No,8.8
LEC0180,Granja B,Macho,1.19,10,4,No,37.6,No,No,10.1
LEC0181,Granja C,Hembra,1.31,14,6,Sí,38.0,Sí,No,11.6
LEC0182,Granja D,Hembra,1.6,14,6,Sí,39.0,No,No,10.5
LEC0183,Granja D,Hembra,1.52,9,3,Sí,38.6,No,No,10.8
LEC0184,Granja B,Hembra,1.57,10,5,No,38.3,No,No,11.0
LEC0185,Granja D,Hembra,1.43,9,5,Sí,38.6,No,No,11.9
LEC0186,Granja C,Macho,1.1,10,4,Sí,38.4,Sí,No,11.6
LEC0187,Granja C,Macho,1.29,15,4,Sí,38.0,No,No,10.0
LEC0188,Granja D,Macho,1.56,8,1,Sí,39.4,No,No,10.7
LEC0189,Granja C,Macho,1.62,15,3,Sí,38.7,No,No,12.0
LEC0190,Granja A,Macho,1.62,15,3,Sí,38.7,No,No,12.0
LEC0191,Granja A,Hembra,1.66,13,2,Sí,38.5,No,No,11.7
LEC0192,Granja A,Macho,1.05,12,7,No,37.8,No,No,11.4
LEC0193,Granja D,Macho,1.2,9,4,Sí,39.6,No,No,9.2
LEC0194,Granja D,Macho,1.71,14,2,Sí,38.9,Sí,No,11.4
LEC0195,Granja D,Hembra,0.71,10,4,Sí,38.5,No,No,7.8
LEC0196,Granja D,Macho,0.75,11,4,Sí,38.6,No,No,8.0
LEC0197,Granja D,Hembra,1.19,14,5,Sí,38.0,No,No,10.9
LEC0198,Granja B,Macho,0.87,7,4,No,37.7,No,No,10.1
LEC0199,Granja D,Macho,1.52,9,5,Sí,39.1,No,No,12.0
LEC0200,Granja B,Macho,1.15,13,6,Sí,39.5,No,No,8.0
LEC0201,Granja D,Macho,1.4,17,5,No,38.0,No,No,10.8
LEC0202,Granja A,Hembra,1.98,12,2,Sí,38.1,No,No,12.0
LEC0203,Granja D,Macho,1.49,15,5,Sí,38.2,No,Sí,11.0
LEC0204,Granja B,Hembra,1.4,11,4,Sí,39.6,No,No,10.0
LEC0205,Granja C,Hembra,1.84,9,3,Sí,38.6,No,No,11.4
LEC0206,Granja B,Hembra,1.33,11,6,Sí,38.4,No,No,11.4
LEC0207,Granja C,Hembra,1.12,11,5,Sí,38.3,No,No,8.3
LEC0208,Granja B,Macho,1.19,9,2,Sí,37.9,No,No,10.4
LEC0209,Granja D,Hembra,1.27,14,6,Sí,38.6,Sí,No,11.2
LEC0210,Granja B,Hembra,1.63,15,5,Sí,38.6,No,No,10.7
LEC0211,Granja A,Hembra,2.25,8,4,Sí,38.5,No,No,9.7
LEC0212,Granja C,Macho,1.49,17,3,Sí,38.6,Sí,No,10.9
LEC0213,Granja D,Hembra,1.5,12,1,Sí,38.0,No,Sí,11.8
LEC0214,Granja A,Hembra,1.84,10,4,Sí,37.8,No,No,11.7
LEC0215,Granja C,Macho,1.3,15,2,Sí,38.2,No,No,11.5
LEC0216,Granja A,Macho,1.11,12,5,Sí,38.7,Sí,No,10.7
LEC0217,Granja B,Macho,1.14,12,3,Sí,37.7,No,No,10.0
LEC0218,Granja B,Macho,1.41,16,4,Sí,38.9,No,Sí,9.7
LEC0219,Granja B,Macho,0.95,10,4,Sí,38.4,Sí,No,8.7
LEC0220,Granja A,Hembra,1.26,13,6,Sí,37.5,No,Sí,8.7
LEC0221,Granja D,Macho,1.28,12,6,Sí,37.2,No,No,10.4
LEC0222,Granja D,Macho,0.96,12,1,No,37.1,No,Sí,9.7
LEC0223,Granja A,Hembra,1.23,14,4,Sí,38.8,No,No,8.7
LEC0224,Granja A,Macho,1.39,9,2,Sí,37.9,No,No,10.1
LEC0225,Granja B,Hembra,1.64,11,3,Sí,38.5,Sí,No,10.4
LEC0226,Granja B,Hembra,1.38,10,2,Sí,38.4,No,No,10.9
LEC0227,Granja C,Macho,1.29,14,5,Sí,37.9,No,No,10.2
LEC0228,Granja C,Macho,1.05,12,1,Sí,37.7,No,No,10.5
LEC0229,Granja D,Macho,1.19,8,3,No,37.6,No,No,12.0
LEC0230,Granja D,Hembra,1.35,14,2,Sí,38.8,No,No,10.8
LEC0231,Granja D,Macho,1.47,14,4,Sí,38.3,No,No,9.0
LEC0232,Granja C,Macho,1.57,12,3,Sí,38.1,No,No,11.8
LEC0233,Granja A,Macho,1.56,12,3,Sí,37.8,Sí,Sí,9.4
LEC0234,Granja D,Hembra,1.43,13,5,Sí,38.4,No,No,12.0
LEC0235,Granja D,Macho,1.85,14,5,Sí,37.6,No,No,11.8
LEC0236,Granja A,Macho,1.54,9,7,Sí,38.4,No,No,10.4
LEC0237,Granja B,Hembra,0.63,12,5,No,37.8,No,No,7.7
LEC0238,Granja C,Hembra,1.11,7,5,Sí,38.5,No,No,10.1
LEC0239,Granja D,Hembra,1.62,11,4,No,37.6,No,No,11.4
LEC0240,Granja C,Hembra,1.85,13,2,Sí,38.3,No,No,12.0
LEC0241,Granja D,Macho,1.22,9,4,Sí,38.6,No,No,10.7
LEC0242,Granja A,Macho,1.86,13,4,Sí,37.9,No,No,10.1
LEC0243,Granja A,Macho,,11,3,Sí,38.6,No,No,9.5
LEC0244,Granja B,Macho,1.56,12,3,Sí,37.7,Sí,No,12.0
LEC0245,Granja A,Hembra,1.26,13,4,Sí,38.8,No,No,10.2
LEC0246,Granja A,Hembra,1.42,14,5,Sí,39.0,Sí,No,11.7
LEC0247,Granja C,Hembra,1.16,13,5,,38.6,No,No,9.4
LEC0248,Granja C,Hembra,1.39,12,4,Sí,38.7,No,No,10.6
LEC0249,Granja D,Hembra,1.33,7,6,,37.7,No,No,10.5
LEC0250,Granja D,Hembra,0.91,10,6,No,38.6,Sí,No,9.0
LEC0251,Granja C,Macho,1.41,10,3,Sí,38.0,No,No,11.2
LEC0252,Granja A,Hembra,0.89,11,4,No,37.1,No,No,10.8
LEC0253,Granja B,Macho,1.42,14,1,Sí,37.9,No,No,8.4
LEC0254,Granja A,Macho,1.55,13,6,Sí,38.2,No,No,12.0
LEC0255,Granja A,Hembra,1.61,9,5,Sí,38.6,No,No,11.9
LEC0256,Granja B,Macho,1.41,13,4,Sí,38.3,No,No,11.7
LEC0257,Granja A,Hembra,1.53,12,5,Sí,38.3,No,No,10.7
LEC0258,Granja C,Hembra,1.71,11,5,Sí,38.9,No,No,11.5
LEC0259,Granja A,Hembra,1.35,13,3,Sí,38.3,No,No,11.5
LEC0260,Granja B,Hembra,1.27,14,2,Sí,38.5,No,No,10.8
LEC0261,Granja B,Macho,1.24,10,3,Sí,37.6,No,No,10.3
LEC0262,Granja D,Hembra,1.22,13,1,No,37.5,No,No,11.3
LEC0263,Granja B,Hembra,1.48,11,2,No,38.1,No,No,11.2
LEC0264,Granja B,Hembra,,11,1,Sí,38.5,No,No,10.0
LEC0265,Granja D,Macho,1.53,16,2,Sí,37.9,No,No,12.0
LEC0266,Granja D,Hembra,1.23,12,5,No,37.7,No,No,10.1
LEC0267,Granja C,Macho,1.71,13,4,Sí,38.5,No,No,11.2
LEC0268,Granja D,Macho,1.1,10,5,Sí,38.6,No,No,11.3
LEC0269,Granja B,Hembra,1.55,13,4,Sí,37.4,Sí,No,12.0
LEC0270,Granja A,Macho,1.33,11,4,Sí,,No,No,9.8
LEC0271,Granja A,Hembra,1.1,10,6,Sí,38.7,No,No,8.7
LEC0272,Granja B,Macho,1.16,7,5,No,37.1,No,No,10.9
LEC0273,Granja C,Macho,1.55,9,3,Sí,39.3,No,No,10.9
LEC0274,Granja C,Hembra,1.21,11,3,No,37.4,No,Sí,9.0
LEC0275,Granja C,Hembra,1.05,10,1,Sí,38.9,No,No,8.4
LEC0276,Granja A,Hembra,1.1,10,4,Sí,38.8,No,No,11.4
LEC0277,Granja B,Macho,1.52,12,6,No,37.0,No,No,10.0
LEC0278,Granja D,Hembra,1.25,10,3,Sí,37.9,No,No,11.1
LEC0279,Granja C,Macho,1.28,13,3,Sí,38.5,No,No,9.5
LEC0280,Granja B,Hembra,1.24,12,2,Sí,38.8,No,No,10.1
LEC0281,Granja C,Hembra,1.45,12,1,No,37.0,No,No,10.8
LEC0282,Granja C,Macho,1.74,13,7,No,37.9,No,No,11.1
LEC0283,Granja B,Macho,1.75,12,3,Sí,37.4,No,No,12.0
LEC0284,Granja A,Macho,1.43,14,5,Sí,37.9,No,No,10.3
LEC0285,Granja C,Hembra,1.08,12,5,Sí,39.0,No,No,10.4
LEC0286,Granja C,Hembra,1.88,15,5,Sí,38.0,No,Sí,11.1
LEC0287,Granja C,Macho,1.2,10,1,Sí,39.2,No,No,9.9
LEC0288,Granja A,Macho,1.43,12,8,No,37.3,No,No,9.2
LEC0289,Granja B,Macho,0.87,15,4,Sí,38.8,No,No,9.4
LEC0290,Granja C,Macho,1.06,10,4,Sí,37.3,No,No,9.3
LEC0291,Granja D,Macho,1.42,8,7,Sí,38.6,No,No,10.6
LEC0292,Granja B,Hembra,1.01,14,4,Sí,37.2,No,No,9.1
LEC0293,Granja B,Macho,1.4,9,1,Sí,39.1,No,No,10.0
LEC0294,Granja C,Macho,1.21,9,1,Sí,37.9,No,No,10.2
LEC0295,Granja D,Macho,1.05,12,6,No,37.7,No,No,8.6
LEC0296,Granja A,Macho,1.16,16,1,Sí,38.7,No,No,11.2
LEC0297,Granja A,Macho,1.78,13,2,Sí,39.1,No,No,9.7
LEC0298,Granja D,Macho,1.4,8,3,Sí,38.5,No,No,9.5
LEC0299,Granja A,Macho,0.92,15,1,No,37.3,No,No,7.0
LEC0300,Granja D,Hembra,1.87,14,1,No,37.0,No,Sí,10.1
LEC0301,Granja B,Macho,1.51,13,7,Sí,38.5,No,No,11.5
LEC0302,Granja B,Hembra,1.8,12,3,Sí,38.2,No,No,11.2
LEC0303,Granja A,Macho,1.33,14,3,Sí,38.2,No,No,11.7
LEC0304,Granja D,Macho,1.09,10,2,Sí,38.4,No,No,10.8
LEC0305,Granja B,Macho,1.52,15,5,Sí,38.1,No,No,11.4
LEC0306,Granja D,Macho,1.67,10,6,Sí,37.9,No,No,11.1
LEC0307,Granja A,Macho,1.25,13,2,Sí,,No,No,8.0
LEC0308,Granja A,Macho,1.23,9,6,Sí,39.4,Sí,No,10.6
LEC0309,Granja C,Macho,1.47,11,3,Sí,39.0,No,No,12.0
LEC0310,Granja B,Macho,1.03,10,1,Sí,38.9,No,No,9.3
LEC0311,Granja B,Hembra,1.19,9,3,Sí,38.3,No,No,11.8
LEC0312,Granja C,Hembra,1.34,12,1,No,38.3,Sí,No,11.1
LEC0313,Granja A,Hembra,1.54,12,6,Sí,38.1,No,No,10.5
LEC0314,Granja C,Macho,1.17,9,4,Sí,37.9,No,No,9.1
LEC0315,Granja A,Hembra,1.93,9,2,Sí,38.6,No,No,12.0
LEC0316,Granja A,Hembra,1.43,11,4,Sí,37.6,No,No,10.8
LEC0317,Granja C,Hembra,1.3,11,1,Sí,39.2,No,No,11.6
LEC0318,Granja C,Macho,1.44,7,5,Sí,38.0,No,No,12.0
LEC0319,Granja B,Macho,1.34,15,4,Sí,38.3,No,No,11.8
LEC0320,Granja C,Macho,1.5,13,3,Sí,39.1,No,No,11.5
LEC0321,Granja C,Macho,0.96,15,7,No,38.0,No,No,9.1
LEC0322,Granja D,Macho,1.08,12,5,Sí,38.4,No,No,10.7
LEC0323,Granja C,Macho,1.31,8,3,Sí,38.2,No,No,10.8
LEC0324,Granja C,Macho,1.71,10,4,Sí,38.0,Sí,No,11.0
LEC0325,Granja B,Hembra,1.47,10,3,Sí,38.9,No,No,10.4
LEC0326,Granja D,Hembra,0.86,10,2,Sí,38.2,No,No,8.5
LEC0327,Granja A,Macho,1.34,11,4,Sí,38.3,No,No,10.9
LEC0328,Granja B,Macho,1.37,11,1,Sí,37.3,No,Sí,11.4
LEC0329,Granja C,Macho,1.78,12,3,Sí,38.7,Sí,No,12.0
LEC0330,Granja B,Macho,1.81,12,6,No,37.5,Sí,No,11.1
LEC0184,Granja B,Hembra,1.57,10,5,No,38.3,No,No,11.0
LEC0327,Granja A,Macho,1.34,11,4,Sí,38.3,No,No,10.9
