id_alpaca,comunidad,sexo,edad_anios,categoria_edad,desparasitacion_6m,sistema_pastoreo,epg,hematocrito_pct,condicion_corporal,parasitismo_alto,peso_kg
ALP0001,Lucanas,Macho,3.7,Adulto,Sí,Semi-intensivo,166,24.6,3.0,No,56.4
ALP0002,Pampa,Macho,3.0,Adulto,Sí,Rotacional,133,35.9,3.4,No,62.1
ALP0003,Laramate,Hembra,3.7,Adulto,Sí,Semi-intensivo,66,32.9,2.5,No,62.0
ALP0004,Puquio,Macho,0.9,Cría,Sí,Semi-intensivo,240,26.1,2.8,No,63.0
ALP0005,Lucanas,Hembra,2.0,Tuis,No,Comunal,259,30.8,2.9,No,52.3
ALP0006,Lucanas,Macho,1.6,Tuis,Sí,Comunal,180,29.7,2.5,No,48.4
ALP0007,Laramate,Macho,5.4,Adulto,No,Comunal,323,26.4,2.5,Sí,54.1
ALP0008,Pampa,Macho,4.2,Adulto,Sí,Comunal,210,34.5,2.3,No,53.3
ALP0009,Pampa,Macho,1.0,Tuis,Sí,Semi-intensivo,221,33.6,3.0,No,59.3
ALP0010,Laramate,Hembra,2.2,Tuis,Sí,Comunal,400,25.6,2.7,Sí,49.6
ALP0011,Laramate,Hembra,6.0,Adulto,No,Semi-intensivo,290,31.3,2.8,No,67.3
ALP0012,Lucanas,Macho,1.5,Tuis,No,Rotacional,3200,28.1,2.6,Sí,53.3
ALP0013,Pampa,Hembra,2.1,Tuis,Sí,Rotacional,285,32.5,3.5,No,42.1
ALP0014,Puquio,Macho,4.4,Adulto,No,Rotacional,40,24.8,2.1,No,73.7
ALP0015,Pampa,Hembra,3.5,Adulto,Sí,Rotacional,152,25.1,2.0,No,48.6
ALP0016,Laramate,Macho,5.8,Adulto,Sí,Rotacional,204,24.9,2.2,No,66.4
ALP0017,Puquio,Hembra,0.7,Cría,Sí,Rotacional,22,33.4,3.2,No,43.4
ALP0018,Pampa,Macho,2.2,Tuis,No,Semi-intensivo,352,20.9,2.1,Sí,41.5
ALP0019,Puquio,Macho,2.9,Tuis,No,Semi-intensivo,134,30.8,2.7,No,72.7
ALP0020,Lucanas,Macho,2.2,Tuis,Sí,Semi-intensivo,207,27.3,2.2,No,57.7
ALP0021,Puquio,Hembra,3.4,Adulto,No,Comunal,308,,2.8,Sí,53.0
ALP0022,Puquio,Hembra,1.9,Tuis,No,Comunal,223,38.7,3.7,No,45.4
ALP0023,Pampa,Hembra,5.8,Adulto,No,Semi-intensivo,168,34.0,3.1,No,68.7
ALP0024,Puquio,Macho,2.8,Tuis,Sí,Comunal,423,24.5,2.3,Sí,43.0
ALP0025,Laramate,Macho,4.5,Adulto,Sí,Comunal,120,25.0,2.4,No,46.9
ALP0026,Lucanas,Hembra,3.3,Adulto,Sí,Comunal,72,32.9,3.6,No,55.9
ALP0027,Laramate,Macho,3.6,Adulto,No,Semi-intensivo,372,27.0,2.1,Sí,61.3
ALP0028,Pampa,Macho,4.9,Adulto,Sí,Comunal,327,31.8,2.7,Sí,64.4
ALP0029,Laramate,Hembra,1.0,Tuis,No,Comunal,812,22.2,1.8,Sí,60.4
ALP0030,Pampa,Macho,2.5,Tuis,No,Comunal,,34.0,2.7,No,54.2
ALP0031,Pampa,Hembra,2.5,Tuis,No,Semi-intensivo,510,27.6,2.1,Sí,58.4
ALP0032,Laramate,Hembra,4.7,Adulto,No,Comunal,80,36.3,2.7,No,62.2
ALP0033,Lucanas,Macho,0.6,Cría,No,Comunal,131,29.5,3.1,No,50.7
ALP0034,Pampa,Hembra,1.5,Tuis,No,Semi-intensivo,79,37.7,3.4,No,51.2
ALP0035,Puquio,Macho,5.4,Adulto,Sí,Comunal,317,28.5,2.1,Sí,67.8
ALP0036,Puquio,Hembra,8.7,Adulto,Sí,Comunal,993,24.8,2.3,Sí,70.9
ALP0037,Pampa,Macho,4.4,Adulto,Sí,Semi-intensivo,206,32.8,2.6,No,59.6
ALP0038,Puquio,Macho,3.4,Adulto,No,Rotacional,326,26.9,2.8,Sí,54.7
ALP0039,Laramate,Hembra,2.6,Tuis,No,Comunal,707,29.3,2.8,Sí,49.3
ALP0040,Lucanas,Macho,2.7,Tuis,No,Comunal,597,34.3,2.5,Sí,63.6
ALP0041,Puquio,Hembra,8.8,Adulto,Sí,Comunal,137,36.7,2.6,No,80.7
ALP0042,Laramate,Macho,4.1,Adulto,Sí,Semi-intensivo,291,35.0,3.1,No,50.8
ALP0043,Pampa,Hembra,1.3,Tuis,No,Semi-intensivo,96,30.5,2.9,No,43.7
ALP0044,Puquio,Macho,5.2,Adulto,No,Semi-intensivo,910,28.0,2.8,Sí,66.4
ALP0045,Laramate,Hembra,3.9,Adulto,Sí,Comunal,60,29.2,2.4,No,58.2
ALP0046,Puquio,Hembra,4.4,Adulto,Sí,Semi-intensivo,290,31.1,3.2,No,66.4
ALP0047,Lucanas,Macho,6.1,Adulto,No,Rotacional,916,27.0,3.1,Sí,72.0
ALP0048,Pampa,Macho,12.0,Adulto,No,Comunal,136,30.8,2.1,No,90.0
ALP0049,Laramate,Hembra,2.7,Tuis,No,Comunal,148,39.6,3.2,No,62.9
ALP0050,Pampa,Hembra,4.1,Adulto,Sí,Comunal,230,26.9,2.4,No,60.1
ALP0051,Pampa,Hembra,7.1,Adulto,No,Rotacional,496,27.6,2.3,Sí,70.2
ALP0052,Pampa,Macho,6.5,Adulto,Sí,Semi-intensivo,120,24.7,3.1,No,64.2
ALP0053,Puquio,Hembra,1.1,Tuis,Sí,Comunal,532,30.6,2.6,Sí,51.9
ALP0054,Laramate,Macho,5.6,Adulto,Sí,Comunal,202,22.6,2.9,No,55.2
ALP0055,Pampa,Hembra,4.9,Adulto,Sí,Comunal,333,33.1,3.0,Sí,74.9
ALP0056,Pampa,Hembra,6.6,Adulto,Sí,Comunal,653,28.4,2.5,Sí,67.9
ALP0057,Laramate,Macho,4.5,Adulto,Sí,Semi-intensivo,86,31.0,3.0,No,56.2
ALP0058,Pampa,Hembra,3.2,Adulto,Sí,Comunal,185,33.4,2.3,No,53.9
ALP0059,Laramate,Hembra,2.7,Tuis,Sí,Comunal,496,31.1,1.6,Sí,51.4
ALP0060,Pampa,Hembra,5.4,Adulto,No,Rotacional,716,22.4,2.3,Sí,54.5
ALP0061,Pampa,Hembra,9.1,Adulto,Sí,Comunal,30,38.1,3.3,No,84.9
ALP0062,Pampa,Macho,4.5,Adulto,Sí,Rotacional,401,28.6,2.3,Sí,63.2
ALP0063,Laramate,Hembra,4.6,Adulto,Sí,Semi-intensivo,236,36.6,3.4,No,60.7
ALP0064,Pampa,Macho,2.9,Tuis,Sí,Rotacional,313,26.9,2.8,Sí,58.8
ALP0065,Pampa,Hembra,4.9,Adulto,No,Rotacional,52,31.0,3.6,No,72.6
ALP0066,Pampa,Hembra,5.5,Adulto,Sí,Semi-intensivo,56,30.7,2.7,No,68.6
ALP0067,Puquio,Macho,0.8,Cría,No,Comunal,1806,30.5,2.6,Sí,52.6
ALP0068,Pampa,Macho,3.9,Adulto,Sí,Comunal,50,31.7,3.0,No,67.5
ALP0069,Lucanas,Hembra,1.4,Tuis,Sí,Rotacional,109,30.5,2.5,No,48.2
ALP0070,Lucanas,Macho,3.2,Adulto,Sí,Rotacional,35,,1.9,No,61.6
ALP0071,Pampa,Macho,0.6,Cría,Sí,Comunal,287,16.9,3.6,No,47.8
ALP0072,Lucanas,Hembra,4.1,Adulto,No,Comunal,143,36.7,2.9,No,55.3
ALP0073,Laramate,Macho,6.7,Adulto,No,Comunal,89,38.6,4.0,No,69.8
ALP0074,Lucanas,Hembra,5.3,Adulto,Sí,Comunal,66,36.9,3.1,No,67.3
ALP0075,Pampa,Macho,5.7,Adulto,Sí,Comunal,1529,34.3,1.8,Sí,73.3
ALP0076,Pampa,Hembra,4.3,Adulto,Sí,Comunal,552,28.6,2.4,Sí,55.2
ALP0077,Lucanas,Macho,7.3,Adulto,Sí,Rotacional,205,35.2,2.3,No,67.7
ALP0078,Pampa,Macho,3.1,Adulto,No,Rotacional,912,22.2,2.8,Sí,60.2
ALP0079,Pampa,Hembra,1.3,Tuis,Sí,Comunal,135,33.9,2.8,No,53.8
ALP0080,Lucanas,Macho,1.9,Tuis,Sí,Comunal,733,28.3,2.2,Sí,51.5
ALP0081,Pampa,Macho,7.7,Adulto,Sí,Comunal,523,30.1,2.5,Sí,64.8
ALP0082,Lucanas,Hembra,0.7,Cría,Sí,Rotacional,254,33.4,3.2,No,52.9
ALP0083,Puquio,Hembra,9.3,Adulto,Sí,Semi-intensivo,193,28.0,2.8,No,71.3
ALP0084,Puquio,Macho,0.8,Cría,Sí,Comunal,44,29.5,2.8,No,38.9
ALP0085,Pampa,Hembra,4.1,Adulto,No,Comunal,250,30.4,2.4,No,58.6
ALP0086,Pampa,Macho,0.9,Cría,Sí,Comunal,78,31.5,3.5,No,35.0
ALP0087,Laramate,Hembra,1.3,Tuis,Sí,Comunal,240,30.6,3.5,No,45.6
ALP0088,Pampa,Macho,4.6,Adulto,Sí,Semi-intensivo,97,29.9,3.1,No,62.7
ALP0089,Pampa,Macho,5.8,Adulto,Sí,Semi-intensivo,547,28.3,2.7,Sí,71.1
ALP0090,Puquio,Macho,3.4,Adulto,No,Rotacional,615,23.4,1.5,Sí,53.8
ALP0091,Laramate,Hembra,1.8,Tuis,No,Rotacional,421,21.9,2.5,Sí,64.3
ALP0092,Lucanas,Macho,4.6,Adulto,Sí,Comunal,120,29.8,2.6,No,56.6
ALP0093,Lucanas,Hembra,3.8,Adulto,Sí,Rotacional,83,27.4,2.9,No,52.2
ALP0094,Pampa,Hembra,4.5,Adulto,Sí,Semi-intensivo,367,31.8,2.2,Sí,65.0
ALP0095,Lucanas,Hembra,5.4,Adulto,No,Rotacional,325,28.4,2.2,Sí,68.5
ALP0096,Laramate,Macho,7.7,Adulto,Sí,Semi-intensivo,331,33.3,2.2,Sí,82.7
ALP0097,Laramate,Macho,3.9,Adulto,Sí,Comunal,108,33.9,2.7,No,56.3
ALP0098,Laramate,Macho,3.2,Adulto,Sí,Comunal,76,35.1,2.5,No,49.8
ALP0099,Lucanas,Macho,0.9,Cría,No,Comunal,135,25.2,2.9,No,39.7
ALP0100,Puquio,Hembra,10.7,Adulto,No,Rotacional,239,33.5,2.3,No,83.1
ALP0101,Pampa,Hembra,1.5,Tuis,Sí,Rotacional,234,27.3,2.6,No,46.9
ALP0102,Lucanas,Hembra,3.1,Adulto,Sí,Rotacional,542,30.4,2.6,Sí,46.1
ALP0103,Laramate,Hembra,4.1,Adulto,No,Rotacional,192,25.1,2.9,No,63.3
ALP0104,Puquio,Macho,1.6,Tuis,Sí,Semi-intensivo,102,26.9,2.2,No,48.9
ALP0105,Puquio,Macho,1.7,Tuis,Sí,Semi-intensivo,102,31.6,2.1,No,60.2
ALP0106,Pampa,Hembra,4.5,Adulto,Sí,Rotacional,386,23.4,2.7,Sí,71.0
ALP0107,Puquio,Macho,0.5,Cría,Sí,Comunal,198,28.8,2.4,No,55.7
ALP0108,Laramate,Macho,8.2,Adulto,No,Rotacional,39,34.5,2.4,No,79.3
ALP0109,Puquio,Hembra,1.1,Tuis,Sí,Rotacional,127,34.0,3.0,No,55.1
ALP0110,Laramate,Macho,2.2,Tuis,Sí,Rotacional,637,23.5,2.7,Sí,57.9
ALP0111,Laramate,Hembra,6.4,Adulto,No,Rotacional,101,37.2,2.3,No,64.6
ALP0112,Puquio,Macho,4.3,Adulto,Sí,Comunal,531,24.3,3.2,Sí,61.2
ALP0113,Pampa,Hembra,6.4,Adulto,Sí,,,20.4,2.8,Sí,63.0
ALP0114,Pampa,Hembra,4.0,Adulto,Sí,Semi-intensivo,88,34.7,2.4,No,70.6
ALP0115,Pampa,Hembra,0.9,Cría,No,Rotacional,205,,2.6,No,44.0
ALP0116,Puquio,Hembra,5.3,Adulto,No,Comunal,83,33.6,2.6,No,74.2
ALP0117,Puquio,Macho,6.8,Adulto,Sí,Comunal,478,31.1,3.0,Sí,65.2
ALP0118,Lucanas,Macho,1.9,Tuis,No,Comunal,102,,3.2,No,46.7
ALP0119,Pampa,Hembra,1.9,Tuis,No,Comunal,401,30.8,2.5,Sí,59.0
ALP0120,Pampa,Macho,3.6,Adulto,No,Comunal,2059,29.4,2.2,Sí,62.1
ALP0121,Lucanas,Hembra,0.6,Cría,No,Semi-intensivo,133,32.2,2.8,No,52.1
ALP0122,Lucanas,Macho,4.2,Adulto,No,Comunal,736,31.4,2.1,Sí,70.0
ALP0123,Lucanas,Hembra,6.9,Adulto,Sí,Semi-intensivo,127,29.8,3.1,No,64.8
ALP0124,Laramate,Hembra,4.8,Adulto,No,Rotacional,938,31.3,2.9,Sí,59.4
ALP0125,Pampa,Macho,2.0,Tuis,Sí,Comunal,296,29.0,3.4,No,49.3
ALP0126,Puquio,Macho,4.8,Adulto,Sí,Comunal,97,34.6,2.3,No,65.2
ALP0127,Laramate,Hembra,4.2,Adulto,Sí,Rotacional,683,31.2,2.9,Sí,52.8
ALP0128,Pampa,Hembra,2.8,Tuis,Sí,Semi-intensivo,55,34.9,3.5,No,59.6
ALP0129,Lucanas,Hembra,6.9,Adulto,Sí,Comunal,453,30.6,1.5,Sí,67.5
ALP0130,Lucanas,Hembra,4.4,Adulto,Sí,Comunal,580,27.1,2.4,Sí,75.7
ALP0131,Lucanas,Macho,6.8,Adulto,No,Comunal,107,40.3,2.4,No,83.6
ALP0132,Lucanas,Hembra,3.9,Adulto,Sí,,85,27.4,3.7,No,64.0
ALP0133,Laramate,Macho,2.3,Tuis,Sí,Comunal,166,30.4,2.6,No,49.9
ALP0134,Laramate,Hembra,1.2,Tuis,No,Rotacional,60,28.3,2.9,No,47.4
ALP0135,Laramate,Hembra,4.3,Adulto,Sí,Comunal,132,25.8,2.2,No,59.2
ALP0136,Lucanas,Macho,1.6,Tuis,Sí,Semi-intensivo,579,26.8,3.1,Sí,45.4
ALP0137,Lucanas,Hembra,2.4,Tuis,Sí,Rotacional,75,32.4,3.2,No,56.4
ALP0138,Laramate,Macho,0.6,Cría,Sí,Comunal,192,24.6,2.3,No,48.8
ALP0139,Puquio,Macho,6.9,Adulto,No,Rotacional,201,27.0,2.5,No,60.3
ALP0140,Laramate,Hembra,2.8,Tuis,Sí,Rotacional,333,32.4,1.9,Sí,46.8
ALP0141,Lucanas,Hembra,1.8,Tuis,Sí,Semi-intensivo,49,30.3,3.2,No,41.4
ALP0142,Laramate,Macho,9.8,Adulto,Sí,Comunal,97,23.4,2.6,No,85.3
ALP0143,Laramate,Macho,1.6,Tuis,No,Comunal,259,34.8,3.5,No,47.4
ALP0144,Lucanas,Macho,1.8,Tuis,No,Rotacional,89,24.2,3.3,No,51.7
ALP0145,Laramate,Hembra,6.0,Adulto,Sí,Comunal,159,27.0,2.8,No,58.4
ALP0146,Puquio,Hembra,2.8,Tuis,Sí,,82,30.6,3.3,No,56.6
ALP0147,Laramate,Hembra,2.8,Tuis,Sí,Semi-intensivo,979,31.0,2.8,Sí,48.3
ALP0148,Lucanas,Macho,10.6,Adulto,Sí,Comunal,210,39.8,2.7,No,77.1
ALP0149,Pampa,Macho,4.4,Adulto,Sí,Semi-intensivo,88,30.5,2.9,No,56.5
ALP0150,Lucanas,Macho,5.4,Adulto,No,Semi-intensivo,327,29.1,2.2,Sí,69.9
ALP0151,Puquio,Hembra,6.5,Adulto,Sí,Comunal,152,16.0,3.2,No,66.6
ALP0152,Lucanas,Macho,5.4,Adulto,Sí,Rotacional,220,30.5,3.3,No,67.9
ALP0153,Lucanas,Hembra,4.1,Adulto,Sí,Rotacional,55,31.9,2.9,No,67.3
ALP0154,Lucanas,Macho,1.6,Tuis,Sí,Rotacional,508,30.7,2.2,Sí,59.5
ALP0155,Pampa,Hembra,3.4,Adulto,Sí,Comunal,401,33.3,2.2,Sí,75.9
ALP0156,Pampa,Macho,6.0,Adulto,Sí,Rotacional,75,27.2,2.4,No,58.9
ALP0157,Laramate,Macho,2.7,Tuis,Sí,Comunal,398,26.1,2.7,Sí,58.1
ALP0158,Lucanas,Hembra,2.7,Tuis,Sí,Semi-intensivo,85,29.9,2.4,No,60.2
ALP0159,Lucanas,Macho,7.0,Adulto,No,Comunal,45,38.8,2.6,No,70.1
ALP0160,Puquio,Hembra,4.7,Adulto,Sí,Comunal,230,33.2,2.8,No,61.9
ALP0161,Laramate,Hembra,10.0,Adulto,Sí,Rotacional,70,35.8,2.5,No,84.7
ALP0162,Pampa,Hembra,1.6,Tuis,Sí,Rotacional,116,37.6,2.6,No,43.8
ALP0163,Lucanas,Hembra,4.8,Adulto,No,Comunal,208,25.4,2.9,No,69.3
ALP0164,Puquio,Macho,3.4,Adulto,Sí,Comunal,236,29.4,2.0,No,46.5
ALP0165,Lucanas,Macho,2.8,Tuis,Sí,Rotacional,414,30.1,2.4,Sí,51.4
ALP0166,Puquio,Macho,8.8,Adulto,Sí,Comunal,130,30.4,2.6,No,78.9
ALP0167,Puquio,Macho,0.9,Cría,Sí,Semi-intensivo,76,34.9,2.4,No,44.6
ALP0168,Lucanas,Hembra,3.8,Adulto,Sí,Comunal,257,39.0,2.9,No,46.9
ALP0169,Lucanas,Hembra,1.7,Tuis,Sí,Rotacional,460,31.0,2.8,Sí,67.1
ALP0170,Lucanas,Hembra,4.1,Adulto,Sí,Comunal,137,35.9,3.2,No,53.9
ALP0171,Laramate,Hembra,2.6,Tuis,Sí,Comunal,254,30.5,2.4,No,52.2
ALP0172,Pampa,Hembra,2.2,Tuis,Sí,Comunal,102,34.4,2.8,No,54.8
ALP0173,Lucanas,Hembra,2.0,Tuis,No,Semi-intensivo,366,26.7,3.0,Sí,50.6
ALP0174,Pampa,Macho,3.5,Adulto,No,Semi-intensivo,484,25.7,2.2,Sí,61.2
ALP0175,Laramate,Macho,6.1,Adulto,Sí,Rotacional,54,30.5,3.5,No,52.3
ALP0176,Puquio,Hembra,8.0,Adulto,Sí,Comunal,172,29.0,3.3,No,88.2
ALP0177,Lucanas,Macho,1.1,Tuis,Sí,Semi-intensivo,169,33.2,2.6,No,42.3
ALP0178,Pampa,Macho,5.6,Adulto,Sí,Comunal,46,33.6,2.9,No,62.9
ALP0179,Puquio,Hembra,1.2,Tuis,No,Semi-intensivo,158,30.9,3.4,No,55.5
ALP0180,Puquio,Hembra,2.6,Tuis,Sí,Rotacional,213,29.3,2.4,No,60.9
ALP0181,Pampa,Macho,3.7,Adulto,Sí,Comunal,221,34.7,2.7,No,60.1
ALP0182,Laramate,Macho,6.1,Adulto,Sí,Comunal,199,36.0,3.6,No,70.7
ALP0183,Laramate,Macho,3.4,Adulto,Sí,,396,27.6,2.6,Sí,44.2
ALP0184,Lucanas,Macho,6.3,Adulto,Sí,Rotacional,103,,2.9,No,77.1
ALP0185,Pampa,Hembra,11.5,Adulto,No,Rotacional,628,27.4,3.1,Sí,80.2
ALP0186,Pampa,Hembra,1.9,Tuis,Sí,Comunal,386,25.4,2.0,Sí,49.8
ALP0187,Lucanas,Macho,4.2,Adulto,Sí,Semi-intensivo,54,32.4,2.9,No,60.0
ALP0188,Puquio,Hembra,2.4,Tuis,Sí,Rotacional,925,30.4,2.2,Sí,59.0
ALP0189,Puquio,Macho,3.6,Adulto,No,Rotacional,153,24.8,2.5,No,46.8
ALP0190,Puquio,Macho,5.7,Adulto,Sí,Rotacional,376,27.2,3.6,Sí,63.6
ALP0191,Pampa,Macho,12.0,Adulto,Sí,Comunal,130,32.7,2.9,No,90.0
ALP0192,Laramate,Hembra,2.1,Tuis,No,Comunal,339,20.9,2.6,Sí,58.8
ALP0193,Puquio,Macho,2.5,Tuis,No,Rotacional,123,28.5,3.1,No,64.7
ALP0194,Pampa,Macho,5.3,Adulto,No,Comunal,1216,18.7,1.5,Sí,52.1
ALP0195,Laramate,Macho,7.7,Adulto,Sí,Rotacional,245,36.7,3.2,No,90.0
ALP0196,Puquio,Macho,5.1,Adulto,Sí,Comunal,196,31.9,2.9,No,79.9
ALP0197,Lucanas,Hembra,1.0,Tuis,Sí,Comunal,203,31.0,3.2,No,43.1
ALP0198,Laramate,Macho,2.2,Tuis,Sí,Comunal,64,28.8,2.4,No,51.2
ALP0199,Pampa,Macho,1.9,Tuis,Sí,Rotacional,371,28.6,2.1,Sí,55.9
ALP0200,Puquio,Macho,3.9,Adulto,Sí,Rotacional,301,29.1,2.1,Sí,68.9
ALP0201,Lucanas,Hembra,6.9,Adulto,Sí,Semi-intensivo,,28.1,2.1,No,77.9
ALP0202,Laramate,Hembra,6.6,Adulto,Sí,Semi-intensivo,135,35.6,3.4,No,69.2
ALP0203,Laramate,Macho,6.0,Adulto,Sí,Rotacional,88,27.9,2.1,No,65.4
ALP0204,Pampa,Macho,2.1,Tuis,Sí,Comunal,158,36.3,1.7,No,48.9
ALP0205,Laramate,Hembra,3.7,Adulto,Sí,Semi-intensivo,559,32.5,1.8,Sí,58.1
ALP0206,Laramate,Hembra,5.7,Adulto,Sí,Rotacional,302,24.9,2.5,Sí,59.3
ALP0207,Laramate,Hembra,1.2,Tuis,Sí,Rotacional,140,37.3,2.3,No,51.7
ALP0208,Puquio,Hembra,1.6,Tuis,Sí,Comunal,72,32.7,2.8,No,56.6
ALP0209,Laramate,Macho,2.5,Tuis,Sí,Rotacional,825,26.2,2.0,Sí,60.4
ALP0210,Pampa,Macho,5.4,Adulto,No,Rotacional,235,35.3,3.0,No,63.6
ALP0211,Laramate,Hembra,3.1,Adulto,No,Semi-intensivo,326,29.9,2.5,Sí,62.2
ALP0212,Laramate,Hembra,2.4,Tuis,Sí,Semi-intensivo,80,35.7,3.5,No,52.7
ALP0213,Laramate,Hembra,6.5,Adulto,Sí,Rotacional,98,27.5,2.7,No,71.2
ALP0214,Laramate,Macho,3.7,Adulto,No,Comunal,66,36.4,2.9,No,62.8
ALP0215,Laramate,Hembra,1.2,Tuis,No,Semi-intensivo,154,29.0,2.6,No,48.1
ALP0216,Pampa,Macho,1.4,Tuis,No,Semi-intensivo,789,21.0,2.4,Sí,57.9
ALP0217,Laramate,Hembra,3.8,Adulto,Sí,Rotacional,426,28.5,3.3,Sí,66.3
ALP0218,Puquio,Hembra,2.1,Tuis,No,Comunal,606,15.0,2.6,Sí,58.6
ALP0219,Lucanas,Macho,6.2,Adulto,Sí,Rotacional,308,29.4,2.1,Sí,73.2
ALP0220,Laramate,Macho,3.9,Adulto,Sí,Semi-intensivo,67,33.7,2.9,No,60.0
ALP0221,Pampa,Macho,5.6,Adulto,Sí,Rotacional,133,23.0,2.4,No,53.1
ALP0222,Laramate,Hembra,3.0,Adulto,Sí,Semi-intensivo,101,35.5,3.0,No,49.7
ALP0223,Pampa,Macho,4.8,Adulto,Sí,Comunal,,26.8,2.7,No,57.9
ALP0224,Lucanas,Hembra,1.3,Tuis,No,Comunal,1041,20.0,2.3,Sí,51.9
ALP0225,Laramate,Macho,5.3,Adulto,No,Comunal,207,27.2,2.5,No,54.5
ALP0226,Pampa,Hembra,12.0,Adulto,Sí,Rotacional,,25.0,2.4,Sí,90.0
ALP0227,Laramate,Macho,12.0,Adulto,No,Comunal,365,30.1,3.0,Sí,90.0
ALP0228,Lucanas,Macho,2.3,Tuis,No,Semi-intensivo,1301,29.4,2.3,Sí,61.9
ALP0229,Lucanas,Hembra,6.3,Adulto,Sí,Rotacional,658,21.9,3.1,Sí,69.3
ALP0230,Laramate,Macho,7.2,Adulto,No,Comunal,198,31.2,2.5,No,66.6
ALP0231,Puquio,Macho,0.9,Cría,Sí,Semi-intensivo,107,29.0,3.2,No,50.2
ALP0232,Puquio,Macho,2.4,Tuis,No,Comunal,161,25.5,2.8,No,43.8
ALP0233,Laramate,Macho,2.0,Tuis,Sí,Comunal,587,25.6,2.8,Sí,56.4
ALP0234,Lucanas,Macho,9.0,Adulto,Sí,Comunal,181,31.5,2.1,No,85.5
ALP0235,Lucanas,Macho,3.4,Adulto,No,Semi-intensivo,1405,29.1,2.7,Sí,65.7
ALP0236,Laramate,Macho,4.5,Adulto,Sí,Comunal,206,35.3,3.5,No,69.1
ALP0237,Lucanas,Macho,2.0,Tuis,No,Comunal,176,39.2,2.3,No,59.9
ALP0238,Pampa,Macho,2.9,Tuis,Sí,Semi-intensivo,72,34.6,2.5,No,52.4
ALP0239,Puquio,Macho,3.0,Adulto,No,Comunal,117,33.1,2.7,No,45.6
ALP0240,Lucanas,Macho,4.7,Adulto,Sí,Semi-intensivo,269,37.1,3.2,No,59.6
ALP0241,Lucanas,Macho,1.8,Tuis,No,Rotacional,63,33.1,2.3,No,52.0
ALP0242,Pampa,Hembra,1.2,Tuis,No,Comunal,68,37.2,3.1,No,47.7
ALP0243,Lucanas,Macho,4.4,Adulto,Sí,Semi-intensivo,363,31.8,3.0,Sí,64.2
ALP0244,Laramate,Macho,7.6,Adulto,Sí,Comunal,222,32.0,2.7,No,84.2
ALP0245,Laramate,Hembra,4.4,Adulto,Sí,Semi-intensivo,128,32.3,3.0,No,54.1
ALP0246,Puquio,Macho,5.4,Adulto,Sí,Rotacional,338,27.4,2.0,Sí,71.2
ALP0247,Lucanas,Macho,2.4,Tuis,Sí,,176,31.4,2.3,No,42.1
ALP0248,Lucanas,Hembra,2.9,Tuis,Sí,Comunal,306,25.3,2.2,Sí,62.7
ALP0249,Pampa,Hembra,6.0,Adulto,No,Rotacional,86,37.8,2.2,No,66.6
ALP0250,Lucanas,Hembra,4.5,Adulto,Sí,Semi-intensivo,464,25.7,1.9,Sí,52.3
ALP0251,Lucanas,Macho,1.9,Tuis,Sí,Semi-intensivo,186,32.0,2.1,No,52.4
ALP0252,Puquio,Hembra,5.6,Adulto,Sí,Comunal,146,28.2,2.4,No,65.5
ALP0253,Laramate,Macho,7.2,Adulto,No,Comunal,538,20.8,2.5,Sí,61.6
ALP0254,Laramate,Macho,6.4,Adulto,No,Semi-intensivo,257,32.0,2.3,No,64.9
ALP0255,Lucanas,Macho,0.8,Cría,Sí,Rotacional,99,26.6,2.2,No,42.3
ALP0256,Laramate,Macho,2.9,Tuis,Sí,Semi-intensivo,87,25.5,2.8,No,54.5
ALP0257,Lucanas,Hembra,5.9,Adulto,Sí,Comunal,122,32.5,2.4,No,56.5
ALP0258,Lucanas,Hembra,1.7,Tuis,Sí,Semi-intensivo,150,28.8,2.5,No,47.7
ALP0259,Lucanas,Hembra,3.9,Adulto,No,Rotacional,249,32.5,2.9,No,66.5
ALP0260,Pampa,Macho,7.8,Adulto,Sí,Rotacional,590,20.3,1.8,Sí,66.8
ALP0261,Puquio,Hembra,3.9,Adulto,Sí,Rotacional,37,23.0,2.8,No,52.7
ALP0262,Laramate,Macho,9.0,Adulto,No,Rotacional,104,25.6,3.6,No,88.1
ALP0263,Puquio,Hembra,5.7,Adulto,No,Comunal,696,27.6,3.3,Sí,57.3
ALP0264,Laramate,Hembra,2.8,Tuis,No,Comunal,157,24.5,4.0,No,66.3
ALP0265,Laramate,Hembra,1.3,Tuis,Sí,Comunal,34,34.3,2.4,No,58.6
ALP0266,Pampa,Macho,7.4,Adulto,No,Semi-intensivo,360,26.6,2.9,Sí,62.0
ALP0267,Laramate,Hembra,11.1,Adulto,Sí,Comunal,139,30.1,3.0,No,85.8
ALP0268,Puquio,Hembra,6.7,Adulto,No,Comunal,304,21.1,3.3,Sí,61.7
ALP0269,Lucanas,Hembra,4.2,Adulto,Sí,Comunal,103,38.5,2.2,No,61.3
ALP0270,Pampa,Macho,3.5,Adulto,No,Semi-intensivo,103,28.9,3.4,No,54.8
ALP0271,Pampa,Macho,9.7,Adulto,Sí,Semi-intensivo,54,25.8,3.2,No,84.2
ALP0272,Laramate,Macho,4.4,Adulto,No,Semi-intensivo,657,31.8,2.4,Sí,71.5
ALP0273,Lucanas,Macho,4.8,Adulto,No,Rotacional,232,31.3,1.9,No,55.3
ALP0274,Pampa,Macho,5.3,Adulto,Sí,Semi-intensivo,98,31.6,2.5,No,67.1
ALP0275,Lucanas,Hembra,1.9,Tuis,No,Rotacional,1039,31.4,3.0,Sí,52.4
ALP0276,Lucanas,Hembra,5.1,Adulto,No,Semi-intensivo,244,32.8,2.4,No,75.0
ALP0277,Laramate,Hembra,5.1,Adulto,Sí,Comunal,298,30.0,3.0,No,60.4
ALP0278,Laramate,Macho,4.5,Adulto,No,Rotacional,363,26.3,2.0,Sí,51.9
ALP0279,Lucanas,Hembra,5.8,Adulto,Sí,Comunal,146,28.9,3.3,No,67.1
ALP0280,Puquio,Hembra,3.3,Adulto,Sí,Comunal,59,23.0,2.6,No,51.7
ALP0250,Lucanas,Hembra,4.5,Adulto,Sí,Semi-intensivo,464,25.7,1.9,Sí,52.3
ALP0056,Pampa,Hembra,6.6,Adulto,Sí,Comunal,653,28.4,2.5,Sí,67.9
