id_felino,clinica,sexo,edad_anios,acceso_exterior,infestacion_pulgas,desparasitacion_6m,retrovirus,hematocrito_pct,hemoglobina_g_dl,peso_kg,condicion_corporal_9,anemia
FEL0001,Clínica C,Macho,3.6,No,No,No,Negativo,41.6,15.1,2.8,5,No
FEL0002,Clínica D,Hembra,2.7,Sí,No,Sí,Negativo,33.9,11.4,3.4,2,No
FEL0003,Clínica C,Hembra,0.3,No,Sí,No,Negativo,30.9,10.6,5.9,5,No
FEL0004,Clínica B,Hembra,0.3,No,Sí,No,Negativo,28.6,8.3,2.7,6,No
FEL0005,Clínica C,Hembra,9.4,No,No,No,Negativo,35.0,12.0,4.4,4,No
FEL0006,Clínica A,Macho,5.5,No,Sí,No,Negativo,37.3,13.1,3.3,4,No
FEL0007,Clínica D,Hembra,10.2,No,No,Sí,Negativo,41.4,14.2,3.4,4,No
FEL0008,Clínica A,Hembra,9.4,No,No,No,Negativo,32.1,9.8,4.1,4,No
FEL0009,Clínica D,Hembra,8.3,No,No,No,Negativo,38.1,13.2,3.6,7,No
FEL0010,Clínica A,Hembra,11.2,No,Sí,Sí,Negativo,39.1,12.7,6.6,5,No
FEL0011,Clínica D,Hembra,11.4,Sí,No,Sí,Negativo,27.7,9.5,6.0,4,Sí
FEL0012,Clínica C,Macho,12.3,No,No,Sí,Negativo,34.3,10.1,4.1,6,No
FEL0013,Clínica A,Macho,3.5,No,No,Sí,FeLV+,38.1,12.9,4.4,6,No
FEL0014,Clínica D,Hembra,5.2,No,Sí,No,Negativo,41.6,13.1,4.2,5,No
FEL0015,Clínica B,Hembra,7.9,No,Sí,No,Negativo,32.9,11.1,5.1,5,Sí
FEL0016,Clínica B,Macho,11.5,Sí,No,Sí,Negativo,34.5,11.1,5.7,5,No
FEL0017,Clínica D,Hembra,8.6,No,No,No,Negativo,37.5,12.2,5.9,6,No
FEL0018,Clínica C,Macho,4.5,Sí,No,No,Negativo,,9.9,4.5,6,No
FEL0019,Clínica D,Hembra,6.3,Sí,No,Sí,Negativo,35.3,10.7,3.8,5,No
FEL0020,Clínica D,Hembra,5.4,Sí,No,Sí,Negativo,32.6,11.3,4.9,5,No
FEL0021,Clínica A,Macho,5.8,Sí,Sí,No,Negativo,35.9,11.5,5.4,5,No
FEL0022,Clínica C,Macho,1.0,Sí,No,No,Negativo,25.4,8.6,4.4,4,Sí
FEL0023,Clínica A,Macho,3.4,No,Sí,Sí,Negativo,37.6,13.8,3.7,5,No
FEL0024,Clínica B,Macho,0.3,No,No,Sí,FeLV+,35.3,11.8,3.1,6,No
FEL0025,Clínica B,Hembra,2.8,No,No,No,Negativo,29.7,8.8,6.2,5,No
FEL0026,Clínica C,Hembra,6.8,No,No,No,Negativo,39.8,13.2,4.5,5,No
FEL0027,Clínica B,Macho,0.3,No,No,Sí,Negativo,,12.5,4.8,5,No
FEL0028,Clínica B,Macho,8.0,Sí,Sí,No,Negativo,34.5,10.7,3.9,4,No
FEL0029,Clínica B,Hembra,9.0,Sí,Sí,Sí,Negativo,20.0,7.0,4.2,4,Sí
FEL0030,Clínica A,Macho,7.2,No,Sí,Sí,FeLV+,36.9,12.4,4.4,5,No
FEL0031,Clínica D,Macho,10.6,No,Sí,No,Negativo,27.4,8.5,3.4,3,No
FEL0032,Clínica B,Hembra,4.6,Sí,Sí,No,FIV+,35.1,11.3,6.0,6,No
FEL0033,Clínica B,Hembra,6.2,No,No,Sí,Negativo,29.4,10.1,4.4,6,No
FEL0034,Clínica D,Hembra,2.1,No,Sí,No,Negativo,34.5,12.0,5.6,4,No
FEL0035,Clínica B,Macho,2.4,Sí,Sí,Sí,Negativo,37.2,12.3,4.0,5,No
FEL0036,Clínica B,Macho,1.4,No,No,Sí,FeLV+,31.5,10.7,3.7,7,No
FEL0037,Clínica B,Macho,4.2,Sí,No,No,Negativo,38.8,11.7,7.2,5,No
FEL0038,Clínica D,Macho,4.5,No,No,Sí,Negativo,33.8,10.4,2.7,4,No
FEL0039,Clínica A,Macho,7.9,Sí,Sí,Sí,Negativo,42.2,12.8,3.3,5,No
FEL0040,Clínica D,Hembra,6.5,No,No,Sí,FIV+,28.1,9.2,3.7,3,No
FEL0041,Clínica C,Hembra,5.4,Sí,No,Sí,FeLV+,35.2,11.1,5.6,6,No
FEL0042,Clínica B,Macho,9.7,Sí,Sí,No,Negativo,41.4,12.8,4.9,6,No
FEL0043,Clínica D,Macho,5.8,Sí,No,Sí,Negativo,29.8,10.1,3.0,6,No
FEL0044,Clínica C,Hembra,8.2,Sí,No,Sí,Negativo,37.8,13.1,5.8,4,No
FEL0045,Clínica A,Macho,4.5,No,Sí,Sí,Negativo,27.9,9.3,2.0,5,No
FEL0046,Clínica B,Hembra,13.9,No,Sí,No,Negativo,35.3,12.1,4.1,4,No
FEL0047,Clínica A,Macho,8.2,No,Sí,Sí,Negativo,38.4,12.8,3.6,6,No
FEL0048,Clínica A,Hembra,0.3,No,No,No,Negativo,36.9,13.4,4.3,5,No
FEL0049,Clínica C,Macho,9.3,No,Sí,Sí,FIV+,31.8,11.3,2.8,5,No
FEL0050,Clínica B,Macho,9.5,No,No,Sí,Negativo,35.3,13.3,3.7,6,No
FEL0051,Clínica C,Hembra,9.0,No,No,No,Negativo,38.9,13.7,6.9,5,No
FEL0052,Clínica C,Macho,6.1,No,No,No,Negativo,31.8,9.8,4.8,6,No
FEL0053,Clínica C,Macho,4.4,Sí,Sí,Sí,Negativo,32.5,11.4,3.1,6,No
FEL0054,Clínica D,Hembra,7.5,No,No,Sí,Negativo,27.1,10.3,4.2,4,No
FEL0055,Clínica D,Macho,2.8,No,Sí,Sí,Negativo,20.5,6.4,3.0,4,Sí
FEL0056,Clínica D,Hembra,5.5,No,Sí,No,Negativo,36.1,10.7,5.7,5,No
FEL0057,Clínica B,Macho,4.0,Sí,No,No,Negativo,41.1,14.3,6.3,5,No
FEL0058,Clínica A,Macho,6.6,Sí,Sí,Sí,Negativo,32.2,10.2,3.1,5,No
FEL0059,Clínica B,Hembra,4.6,No,No,Sí,Negativo,37.8,12.9,5.8,5,No
FEL0060,Clínica C,Hembra,5.0,No,No,No,Negativo,24.4,7.6,4.2,4,Sí
FEL0061,Clínica A,Hembra,11.6,Sí,No,Sí,FIV+,37.6,12.6,2.6,6,No
FEL0062,Clínica D,Hembra,1.0,No,No,No,Negativo,32.9,11.4,3.5,5,No
FEL0063,Clínica D,Hembra,5.6,Sí,No,No,Negativo,27.3,8.6,3.4,3,No
FEL0064,Clínica B,Hembra,7.6,No,No,No,FIV+,31.5,9.6,5.0,6,No
FEL0065,Clínica B,Macho,7.7,No,No,Sí,Negativo,32.3,10.4,3.2,6,No
FEL0066,Clínica A,Macho,5.7,No,No,Sí,Negativo,35.6,11.6,7.0,5,No
FEL0067,Clínica A,Hembra,0.4,Sí,No,No,Negativo,35.2,11.4,3.3,5,No
FEL0068,Clínica D,Macho,11.7,No,No,Sí,Negativo,35.2,12.6,2.9,5,No
FEL0069,Clínica B,Hembra,6.0,Sí,No,Sí,Negativo,40.0,13.1,3.2,5,No
FEL0070,Clínica A,Hembra,5.0,Sí,No,Sí,Negativo,37.0,13.2,4.9,6,No
FEL0071,Clínica C,Hembra,1.7,No,No,Sí,Negativo,28.7,9.7,4.6,4,Sí
FEL0072,Clínica B,Hembra,4.9,No,Sí,No,Negativo,,9.0,4.3,5,No
FEL0073,Clínica A,Hembra,4.4,Sí,No,No,Negativo,43.4,15.4,3.7,5,No
FEL0074,Clínica B,Macho,10.1,No,No,Sí,Negativo,45.1,14.0,2.3,3,No
FEL0075,Clínica A,Hembra,9.7,No,Sí,Sí,FIV+,36.5,11.7,4.5,5,No
FEL0076,Clínica C,Macho,11.2,No,Sí,Sí,Negativo,29.8,10.3,3.5,6,No
FEL0077,Clínica A,Hembra,2.4,No,No,Sí,Negativo,18.2,4.8,4.3,5,Sí
FEL0078,Clínica C,Hembra,8.7,No,Sí,Sí,Negativo,34.4,13.4,5.6,5,No
FEL0079,Clínica D,Macho,1.9,Sí,No,Sí,Negativo,31.4,10.0,3.1,4,Sí
FEL0080,Clínica B,Hembra,11.3,No,No,No,Negativo,45.7,14.0,6.1,4,No
FEL0081,Clínica C,Hembra,8.1,No,Sí,Sí,Negativo,41.2,13.9,5.1,5,No
FEL0082,Clínica D,Macho,3.1,Sí,No,Sí,Negativo,36.3,10.8,4.8,6,No
FEL0083,Clínica D,Macho,8.1,No,Sí,Sí,Negativo,41.7,12.8,4.8,5,No
FEL0084,Clínica D,Macho,0.3,No,Sí,Sí,Negativo,23.6,8.2,3.3,4,Sí
FEL0085,Clínica D,Macho,2.9,No,Sí,No,FeLV+,40.5,12.0,4.7,5,No
FEL0086,Clínica B,Macho,5.9,No,Sí,Sí,Negativo,26.0,9.6,4.1,4,Sí
FEL0087,Clínica A,Macho,0.3,No,No,Sí,Negativo,32.8,12.5,3.3,4,No
FEL0088,Clínica B,Hembra,12.9,No,No,Sí,Negativo,37.7,14.1,5.0,3,No
FEL0089,Clínica B,Hembra,5.7,No,No,Sí,Negativo,15.5,12.0,3.3,4,No
FEL0090,Clínica C,Hembra,5.2,Sí,Sí,Sí,Negativo,37.3,12.4,3.4,4,No
FEL0091,Clínica D,Hembra,3.7,No,No,No,Negativo,38.3,12.2,5.3,6,No
FEL0092,Clínica C,Macho,3.1,Sí,No,Sí,FeLV+,31.7,9.8,4.0,4,No
FEL0093,Clínica B,Macho,0.4,Sí,Sí,Sí,Negativo,32.3,10.2,4.1,6,No
FEL0094,Clínica A,Macho,4.6,No,Sí,Sí,Negativo,30.4,9.3,5.0,5,No
FEL0095,Clínica A,Hembra,8.1,No,Sí,Sí,Negativo,31.8,10.6,4.2,5,No
FEL0096,Clínica A,Macho,3.5,Sí,No,Sí,Negativo,31.4,10.5,3.9,4,No
FEL0097,Clínica D,Hembra,6.8,No,Sí,Sí,Negativo,37.0,11.4,4.5,5,No
FEL0098,Clínica D,Macho,4.2,No,No,Sí,Negativo,35.7,12.5,3.8,6,No
FEL0099,Clínica D,Macho,11.3,No,No,Sí,FeLV+,33.1,10.3,3.6,5,No
FEL0100,Clínica A,Macho,5.2,Sí,Sí,Sí,Negativo,33.4,11.4,5.4,7,No
FEL0101,Clínica A,Hembra,5.3,Sí,Sí,Sí,Negativo,43.7,15.6,3.4,5,No
FEL0102,Clínica C,Hembra,5.7,Sí,Sí,Sí,Negativo,34.0,10.4,5.2,7,No
FEL0103,Clínica B,Macho,0.3,No,Sí,Sí,Negativo,42.1,14.1,1.9,5,No
FEL0104,Clínica D,Macho,0.3,Sí,,Sí,Negativo,29.2,11.0,4.0,5,No
FEL0105,Clínica B,Macho,8.3,Sí,No,Sí,Negativo,35.7,12.5,4.5,4,No
FEL0106,Clínica A,Macho,13.4,No,Sí,Sí,Negativo,32.7,10.6,3.5,4,No
FEL0107,Clínica C,Hembra,9.9,No,No,Sí,Negativo,,12.5,5.6,6,No
FEL0108,Clínica C,Hembra,9.6,Sí,No,Sí,Negativo,40.0,13.0,3.3,5,No
FEL0109,Clínica A,Hembra,4.7,No,No,No,Negativo,35.5,12.1,6.0,5,No
FEL0110,Clínica D,Macho,7.7,No,No,Sí,Negativo,30.8,9.9,4.1,6,No
FEL0111,Clínica B,Macho,1.2,Sí,Sí,Sí,Negativo,26.5,10.3,5.7,7,No
FEL0112,Clínica C,Hembra,10.1,Sí,No,Sí,Negativo,40.5,13.5,5.2,6,No
FEL0113,Clínica D,Hembra,8.0,No,No,Sí,Negativo,28.7,10.3,5.7,4,No
FEL0114,Clínica B,Macho,5.5,Sí,No,Sí,Negativo,28.4,9.7,6.3,7,No
FEL0115,Clínica B,Macho,7.0,Sí,No,Sí,Negativo,42.0,14.6,4.1,5,No
FEL0116,Clínica B,Macho,6.2,Sí,No,No,Negativo,38.0,13.5,4.5,7,No
FEL0117,Clínica A,Hembra,3.3,No,No,No,Negativo,37.3,12.4,4.6,5,No
FEL0118,Clínica B,Macho,11.3,No,No,No,Negativo,36.9,11.8,4.5,4,No
FEL0119,Clínica C,Hembra,9.5,No,No,Sí,Negativo,35.1,12.4,4.2,4,No
FEL0120,Clínica D,Hembra,4.9,Sí,Sí,No,Negativo,39.3,14.3,4.6,5,No
FEL0121,Clínica A,Macho,8.2,No,Sí,Sí,Negativo,37.7,12.7,3.2,4,No
FEL0122,Clínica D,Hembra,6.3,Sí,No,Sí,Negativo,27.5,8.9,5.7,6,No
FEL0123,Clínica B,Macho,7.1,No,No,Sí,Negativo,33.6,11.9,3.4,6,No
FEL0124,Clínica D,Macho,3.3,No,Sí,Sí,FeLV+,34.6,11.1,3.7,3,No
FEL0125,Clínica D,Hembra,5.5,No,No,Sí,Negativo,39.4,14.4,3.4,4,No
FEL0126,Clínica D,Macho,6.5,Sí,Sí,Sí,Negativo,43.0,13.8,3.5,5,No
FEL0127,Clínica B,Hembra,6.4,Sí,No,No,Negativo,28.1,7.8,7.1,6,No
FEL0128,Clínica C,Macho,13.7,Sí,No,Sí,FeLV+,34.1,11.0,4.0,3,No
FEL0129,Clínica C,Hembra,5.3,Sí,Sí,Sí,FeLV+,33.5,10.9,5.0,3,No
FEL0130,Clínica C,Macho,7.7,No,No,Sí,Negativo,25.7,7.4,2.9,6,No
FEL0131,Clínica B,Macho,5.4,No,Sí,Sí,Negativo,32.6,10.5,3.4,3,No
FEL0132,Clínica B,Macho,10.4,Sí,Sí,No,FIV+,43.0,16.6,4.7,5,No
FEL0133,Clínica C,Macho,13.1,Sí,No,No,Negativo,39.4,12.8,6.2,5,No
FEL0134,Clínica B,Hembra,6.1,Sí,No,Sí,Negativo,41.9,13.3,4.4,5,No
FEL0135,Clínica B,Macho,1.6,No,No,Sí,Negativo,27.6,9.3,2.9,4,Sí
FEL0136,Clínica B,Hembra,7.3,No,Sí,Sí,Negativo,34.0,11.4,5.6,4,No
FEL0137,Clínica A,Hembra,7.7,No,No,Sí,Negativo,42.9,15.1,3.3,4,No
FEL0138,Clínica A,Hembra,4.3,No,Sí,Sí,Negativo,24.1,7.0,3.4,3,Sí
FEL0139,Clínica B,Hembra,5.7,No,,Sí,Negativo,37.0,12.9,5.5,4,No
FEL0140,Clínica D,Macho,1.6,Sí,No,Sí,Negativo,37.0,12.1,1.8,5,No
FEL0141,Clínica C,Hembra,3.2,No,No,Sí,FeLV+,34.3,12.0,3.1,5,No
FEL0142,Clínica B,Macho,4.0,Sí,No,Sí,Negativo,35.2,11.2,2.1,5,No
FEL0143,Clínica B,Hembra,12.7,Sí,Sí,No,Negativo,38.2,11.7,6.2,4,No
FEL0144,Clínica A,Macho,12.9,No,No,Sí,FIV+,38.2,11.6,2.5,4,No
FEL0145,Clínica C,Macho,5.3,No,No,No,Negativo,33.2,10.4,4.4,4,No
FEL0146,Clínica D,Macho,5.0,No,No,No,Negativo,27.9,10.3,2.4,4,Sí
FEL0147,Clínica D,Macho,14.4,No,No,Sí,FIV+,35.2,11.4,5.4,6,No
FEL0148,Clínica B,Macho,6.8,No,No,Sí,Negativo,36.0,12.3,4.5,6,No
FEL0149,Clínica C,Hembra,7.7,Sí,No,Sí,Negativo,28.9,9.9,3.7,5,No
FEL0150,Clínica D,Hembra,5.3,No,No,No,Negativo,48.8,15.9,2.9,4,No
FEL0151,Clínica C,Hembra,8.8,Sí,No,Sí,FIV+,23.8,8.3,3.6,4,No
FEL0152,Clínica D,Hembra,6.5,Sí,No,No,Negativo,31.9,11.3,4.5,3,No
FEL0153,Clínica C,Macho,4.6,Sí,No,No,Negativo,33.9,11.7,5.6,4,No
FEL0154,Clínica C,Macho,12.6,Sí,No,Sí,FIV+,37.0,12.7,5.9,5,No
FEL0155,Clínica D,Hembra,4.5,No,No,Sí,FIV+,31.4,11.4,4.4,6,Sí
FEL0156,Clínica D,Hembra,0.4,No,Sí,Sí,Negativo,40.7,14.5,4.2,5,No
FEL0157,Clínica D,Hembra,11.6,No,No,No,Negativo,41.8,13.5,6.4,4,No
FEL0158,Clínica B,Macho,5.8,Sí,No,No,Negativo,25.0,7.4,5.2,4,No
FEL0159,Clínica D,Macho,2.1,No,Sí,No,FIV+,39.4,14.7,5.3,6,No
FEL0160,Clínica B,Hembra,5.3,Sí,Sí,No,Negativo,26.7,9.5,3.7,4,Sí
FEL0161,Clínica C,Macho,1.7,No,No,Sí,Negativo,39.0,12.6,5.5,6,No
FEL0162,Clínica C,Macho,8.8,Sí,No,Sí,FIV+,37.2,12.9,5.5,6,No
FEL0163,Clínica A,Hembra,8.4,Sí,,Sí,Negativo,42.5,13.5,4.4,6,No
FEL0164,Clínica B,Macho,2.9,Sí,No,Sí,Negativo,37.3,11.3,1.9,6,No
FEL0165,Clínica B,Hembra,7.7,No,No,Sí,Negativo,34.7,12.1,4.7,3,No
FEL0166,Clínica D,Macho,11.0,No,No,Sí,FeLV+,32.6,10.2,4.7,5,No
FEL0167,Clínica D,Hembra,0.3,No,No,Sí,Negativo,34.0,11.0,4.6,5,No
FEL0168,Clínica D,Macho,7.0,No,Sí,Sí,Negativo,32.0,12.0,3.1,4,No
FEL0169,Clínica C,Hembra,2.6,No,No,No,Negativo,24.9,7.8,1.8,4,Sí
FEL0170,Clínica A,Hembra,7.7,Sí,No,Sí,Negativo,36.0,12.1,7.4,5,No
FEL0171,Clínica B,Hembra,13.9,No,No,Sí,Negativo,25.1,8.1,4.3,4,Sí
FEL0172,Clínica B,Macho,5.1,No,No,No,Negativo,34.4,10.9,4.5,4,No
FEL0173,Clínica B,Macho,5.6,No,No,Sí,Negativo,37.5,13.7,3.7,7,No
FEL0174,Clínica C,Macho,10.4,No,Sí,Sí,Negativo,41.2,14.3,6.3,3,No
FEL0175,Clínica C,Macho,6.0,Sí,Sí,Sí,,25.1,9.5,3.4,3,Sí
FEL0176,Clínica C,Hembra,6.3,No,No,Sí,Negativo,36.2,11.4,3.5,5,No
FEL0177,Clínica C,Hembra,8.2,No,No,Sí,,30.9,11.1,2.5,5,No
FEL0178,Clínica D,Macho,3.3,No,No,Sí,FIV+,29.1,10.8,2.4,4,Sí
FEL0179,Clínica B,Macho,5.3,No,Sí,No,FeLV+,29.6,10.7,4.8,5,No
FEL0180,Clínica A,Hembra,5.2,Sí,No,Sí,Negativo,44.2,14.0,5.9,5,No
FEL0181,Clínica B,Hembra,4.4,Sí,No,No,Negativo,38.5,13.5,3.3,3,No
FEL0182,Clínica A,Hembra,10.0,No,No,No,Negativo,31.4,11.6,4.5,6,No
FEL0183,Clínica D,Hembra,13.1,No,No,No,Negativo,37.6,11.9,4.9,6,No
FEL0184,Clínica A,Hembra,0.3,Sí,No,No,Negativo,36.4,12.0,3.7,5,No
FEL0185,Clínica B,Hembra,5.0,Sí,Sí,No,Negativo,39.8,15.4,3.0,5,No
FEL0186,Clínica C,Hembra,0.7,Sí,Sí,No,Negativo,46.4,15.0,3.4,6,No
FEL0187,Clínica C,Hembra,5.4,No,Sí,No,Negativo,40.4,14.3,7.2,6,No
FEL0188,Clínica A,Macho,8.3,Sí,No,Sí,Negativo,37.5,12.6,4.9,5,No
FEL0189,Clínica C,Hembra,13.5,No,No,Sí,Negativo,39.3,13.8,2.0,5,No
FEL0190,Clínica C,Macho,8.1,Sí,Sí,Sí,Negativo,29.4,9.9,2.4,4,Sí
FEL0191,Clínica A,Macho,4.9,No,No,No,Negativo,32.6,12.0,4.1,3,No
FEL0192,Clínica B,Macho,6.4,Sí,No,No,Negativo,40.5,14.3,5.2,3,No
FEL0193,Clínica B,Hembra,2.2,Sí,Sí,Sí,FIV+,35.5,12.3,4.3,6,No
FEL0194,Clínica D,Hembra,6.7,Sí,No,Sí,Negativo,35.3,12.1,6.5,6,No
FEL0195,Clínica D,Macho,4.0,No,Sí,Sí,Negativo,27.8,8.7,4.1,7,No
FEL0196,Clínica C,Hembra,3.7,No,No,Sí,Negativo,35.0,12.1,4.7,5,No
FEL0197,Clínica B,Macho,1.7,No,Sí,Sí,Negativo,31.1,11.1,4.9,6,No
FEL0198,Clínica D,Macho,9.0,No,No,Sí,Negativo,,12.2,5.3,4,No
FEL0199,Clínica A,Macho,0.8,Sí,No,Sí,Negativo,38.9,13.7,5.1,6,No
FEL0200,Clínica B,Macho,0.3,No,Sí,Sí,FIV+,42.0,12.8,3.4,4,No
FEL0201,Clínica D,Macho,5.9,Sí,Sí,Sí,Negativo,28.6,8.4,4.4,6,Sí
FEL0202,Clínica A,Macho,12.0,Sí,No,Sí,Negativo,27.2,8.6,3.8,7,No
FEL0203,Clínica C,Hembra,0.3,Sí,No,Sí,Negativo,40.0,13.6,3.5,5,No
FEL0204,Clínica C,Hembra,5.8,No,No,No,FIV+,40.6,13.5,3.7,6,No
FEL0205,Clínica C,Macho,5.7,No,No,Sí,Negativo,34.9,10.2,4.1,5,No
FEL0206,Clínica A,Macho,9.3,No,No,Sí,Negativo,35.0,11.8,5.2,5,No
FEL0207,Clínica C,Macho,5.8,No,No,No,Negativo,35.1,12.3,3.7,5,No
FEL0208,Clínica C,Macho,6.4,No,Sí,No,FeLV+,33.5,10.2,5.6,7,No
FEL0209,Clínica D,Macho,9.2,No,No,Sí,Negativo,36.5,12.2,4.3,5,No
FEL0210,Clínica C,Hembra,1.7,No,No,Sí,Negativo,28.5,9.0,2.5,6,Sí
FEL0211,Clínica A,Hembra,3.2,No,Sí,No,Negativo,33.9,12.6,4.4,5,No
FEL0212,Clínica B,Hembra,2.3,Sí,No,Sí,Negativo,38.1,12.2,3.7,5,No
FEL0213,Clínica B,Hembra,5.8,Sí,Sí,No,FIV+,27.2,8.8,3.1,5,Sí
FEL0214,Clínica D,Macho,7.7,Sí,No,No,Negativo,26.9,8.2,3.6,5,No
FEL0215,Clínica B,Hembra,6.0,Sí,Sí,No,Negativo,42.9,14.5,2.4,6,No
FEL0216,Clínica A,Macho,1.3,Sí,No,Sí,Negativo,36.2,11.3,6.3,5,Sí
FEL0217,Clínica D,Hembra,11.7,No,No,No,Negativo,26.3,9.6,2.2,4,Sí
FEL0218,Clínica C,Macho,5.0,No,Sí,Sí,FIV+,42.5,13.9,4.3,4,No
FEL0219,Clínica C,Hembra,4.1,No,No,No,Negativo,36.0,10.8,3.9,5,No
FEL0220,Clínica A,Hembra,2.6,Sí,Sí,No,Negativo,35.8,12.7,3.7,4,No
FEL0221,Clínica D,Hembra,6.4,No,No,Sí,Negativo,36.2,11.0,4.5,3,No
FEL0222,Clínica B,Macho,3.0,No,Sí,No,Negativo,31.5,12.0,2.2,5,No
FEL0223,Clínica A,Macho,0.5,Sí,Sí,Sí,Negativo,33.7,10.3,4.9,5,No
FEL0224,Clínica D,Macho,5.4,No,No,No,Negativo,35.1,12.1,4.2,6,Sí
FEL0225,Clínica D,Hembra,4.1,No,Sí,Sí,Negativo,33.7,11.7,3.1,5,No
FEL0226,Clínica B,Macho,4.3,Sí,No,Sí,Negativo,34.5,11.3,6.3,4,No
FEL0227,Clínica A,Hembra,3.3,No,Sí,No,Negativo,37.9,11.0,5.1,4,No
FEL0228,Clínica C,Hembra,1.9,No,Sí,No,Negativo,37.1,12.0,4.4,4,No
FEL0229,Clínica A,Hembra,8.4,Sí,No,Sí,Negativo,33.6,9.7,2.2,4,No
FEL0230,Clínica B,Hembra,11.5,No,No,Sí,Negativo,28.7,9.0,5.1,5,Sí
FEL0231,Clínica D,Macho,2.3,No,No,Sí,,25.6,8.3,2.4,4,Sí
FEL0232,Clínica A,Hembra,5.8,No,No,No,Negativo,35.8,10.9,4.6,4,No
FEL0233,Clínica C,Macho,0.3,Sí,Sí,Sí,Negativo,29.2,10.0,3.3,7,No
FEL0234,Clínica B,Hembra,9.2,No,No,Sí,Negativo,27.5,8.4,5.8,4,No
FEL0235,Clínica C,Hembra,1.1,Sí,No,No,Negativo,42.3,14.5,4.3,5,No
FEL0236,Clínica C,Macho,5.6,Sí,No,Sí,Negativo,36.7,12.2,4.9,4,No
FEL0237,Clínica C,Hembra,0.3,No,No,Sí,FeLV+,39.4,12.9,2.8,5,No
FEL0238,Clínica A,Macho,5.0,Sí,No,Sí,Negativo,42.3,15.1,2.7,5,No
FEL0239,Clínica A,Macho,13.8,No,Sí,Sí,FIV+,32.4,9.0,2.9,5,No
FEL0240,Clínica C,Macho,7.8,No,No,No,FIV+,34.0,12.0,5.6,5,No
FEL0241,Clínica B,Macho,0.3,No,No,No,Negativo,39.0,12.3,6.3,6,No
FEL0242,Clínica B,Hembra,17.0,No,No,Sí,Negativo,34.5,10.5,2.9,3,No
FEL0243,Clínica A,Macho,6.4,No,No,No,Negativo,28.7,8.9,3.2,6,Sí
FEL0244,Clínica D,Macho,1.3,Sí,Sí,Sí,Negativo,43.4,13.8,5.4,7,No
FEL0245,Clínica C,Hembra,7.7,No,No,Sí,FeLV+,39.8,12.6,4.2,6,No
FEL0246,Clínica D,Macho,5.7,Sí,Sí,No,Negativo,36.5,11.9,4.8,7,No
FEL0247,Clínica A,Macho,5.4,Sí,Sí,Sí,Negativo,42.7,14.2,6.6,5,No
FEL0248,Clínica D,Macho,5.9,No,Sí,Sí,Negativo,37.2,12.2,4.1,5,No
FEL0249,Clínica C,Macho,13.3,Sí,No,Sí,FeLV+,40.3,13.5,3.5,5,No
FEL0250,Clínica B,Macho,11.8,No,,Sí,Negativo,31.3,12.3,4.4,5,No
FEL0251,Clínica C,Macho,5.8,Sí,No,No,Negativo,29.6,9.9,4.0,6,No
FEL0252,Clínica D,Macho,2.8,No,No,No,Negativo,24.5,9.2,2.4,4,No
FEL0253,Clínica B,Macho,9.0,No,No,Sí,,34.3,13.0,5.0,6,No
FEL0254,Clínica C,Hembra,1.2,No,No,Sí,Negativo,37.3,11.7,3.0,5,No
FEL0255,Clínica B,Hembra,10.2,No,No,No,Negativo,36.6,11.2,3.6,4,No
FEL0256,Clínica B,Hembra,7.7,No,No,Sí,Negativo,32.5,11.5,3.3,6,No
FEL0257,Clínica D,Macho,3.2,No,No,No,Negativo,23.3,8.3,3.3,6,Sí
FEL0258,Clínica B,Hembra,4.9,No,No,No,Negativo,38.2,13.0,5.8,5,No
FEL0259,Clínica B,Macho,5.0,No,Sí,Sí,Negativo,43.5,13.6,4.4,3,No
FEL0260,Clínica D,Hembra,8.4,Sí,Sí,Sí,FeLV+,28.9,11.0,4.6,5,Sí
FEL0261,Clínica D,Macho,0.4,No,Sí,Sí,Negativo,43.5,12.4,4.2,5,No
FEL0262,Clínica A,Hembra,8.7,Sí,No,Sí,Negativo,38.4,14.3,5.3,4,No
FEL0263,Clínica C,Macho,5.9,No,No,Sí,Negativo,36.8,11.2,4.5,6,No
FEL0264,Clínica A,Hembra,10.1,No,No,No,Negativo,25.9,9.0,6.0,5,Sí
FEL0265,Clínica B,Hembra,8.9,No,No,Sí,Negativo,34.8,12.4,3.9,5,No
FEL0266,Clínica A,Hembra,0.3,Sí,No,No,Negativo,36.2,12.6,4.6,5,No
FEL0267,Clínica C,Macho,5.1,No,Sí,No,FeLV+,23.5,6.9,4.3,3,Sí
FEL0268,Clínica C,Hembra,0.3,No,Sí,Sí,Negativo,36.4,12.1,4.1,5,No
FEL0269,Clínica B,Macho,0.3,Sí,No,Sí,Negativo,26.5,8.5,3.2,5,Sí
FEL0270,Clínica B,Macho,0.9,No,No,Sí,Negativo,41.9,14.1,6.7,4,No
FEL0271,Clínica D,Macho,6.0,No,No,Sí,Negativo,41.3,13.4,4.5,5,No
FEL0272,Clínica C,Hembra,5.0,No,No,No,FeLV+,26.7,9.6,5.2,5,No
FEL0273,Clínica C,Hembra,10.4,No,No,Sí,Negativo,38.0,12.7,5.6,7,No
FEL0274,Clínica C,Macho,7.9,Sí,Sí,No,Negativo,22.5,8.1,5.0,3,Sí
FEL0275,Clínica A,Hembra,9.7,Sí,Sí,Sí,,34.3,11.2,3.7,4,No
FEL0276,Clínica B,Macho,4.6,Sí,Sí,No,Negativo,42.7,14.4,2.8,4,No
FEL0277,Clínica D,Hembra,4.1,Sí,Sí,Sí,Negativo,39.4,13.4,4.2,5,No
FEL0278,Clínica D,Macho,7.1,No,,Sí,Negativo,32.3,10.7,6.6,3,No
FEL0279,Clínica C,Macho,8.9,Sí,Sí,Sí,Negativo,31.6,10.1,3.6,3,Sí
FEL0280,Clínica B,Hembra,4.2,No,Sí,No,Negativo,29.8,10.5,4.2,5,Sí
FEL0281,Clínica C,Hembra,7.1,No,Sí,Sí,Negativo,35.5,13.2,3.8,5,Sí
FEL0282,Clínica C,Hembra,7.3,Sí,No,No,Negativo,37.8,12.4,5.2,5,No
FEL0283,Clínica D,Hembra,2.2,Sí,No,Sí,Negativo,27.5,9.2,6.1,6,No
FEL0284,Clínica C,Hembra,4.5,Sí,Sí,Sí,Negativo,35.3,11.7,4.8,5,No
FEL0285,Clínica A,Hembra,4.3,No,Sí,Sí,Negativo,33.3,10.7,3.7,6,No
FEL0286,Clínica D,Macho,9.8,No,Sí,Sí,Negativo,38.7,14.2,4.2,4,No
FEL0287,Clínica B,Hembra,4.6,No,Sí,No,Negativo,32.8,10.5,4.5,5,No
FEL0288,Clínica B,Hembra,6.7,No,Sí,No,Negativo,31.5,11.9,3.0,4,Sí
FEL0289,Clínica C,Hembra,0.3,No,No,No,Negativo,42.9,15.2,3.2,5,No
FEL0290,Clínica C,Macho,1.1,No,No,Sí,FeLV+,31.9,9.7,3.4,5,Sí
FEL0236,Clínica C,Macho,5.6,Sí,No,Sí,Negativo,36.7,12.2,4.9,4,No
FEL0260,Clínica D,Hembra,8.4,Sí,Sí,Sí,FeLV+,28.9,11.0,4.6,5,Sí
