id_vicuna,sector,sexo,categoria_edad,tratamiento_ectoparasitos,condicion_corporal,sarna_sarcoptica,puntaje_lesiones,peso_kg,diametro_fibra_micras
VIC0001,Sector Este,Macho,Adulto,Sí,2.5,No,1,46.1,14.6
VIC0002,Sector Este,Macho,Cría,No,2.6,No,1,21.7,14.5
VIC0003,Sector Este,Hembra,Cría,,2.8,Sí,3,17.1,14.5
VIC0004,Sector Este,Macho,Adulto,Sí,2.9,No,2,46.9,14.6
VIC0005,Sector Oeste,Macho,Juvenil,No,2.0,Sí,3,35.0,16.9
VIC0006,Sector Este,Macho,Adulto,No,2.2,Sí,1,44.4,15.2
VIC0007,Sector Oeste,Hembra,Juvenil,Sí,2.8,No,0,34.9,15.2
VIC0008,Sector Este,Macho,Adulto,Sí,3.1,No,0,45.4,13.8
VIC0009,Sector Sur,Macho,Adulto,Sí,3.1,No,1,41.3,11.9
VIC0010,Sector Oeste,Macho,Juvenil,Sí,2.6,No,1,36.3,14.1
VIC0011,Sector Norte,Hembra,Adulto,Sí,2.5,Sí,5,43.6,13.5
VIC0012,Sector Oeste,Hembra,Juvenil,No,2.3,No,2,36.1,13.9
VIC0013,Sector Sur,Hembra,Cría,Sí,2.9,Sí,3,24.4,12.0
VIC0014,Sector Oeste,Hembra,Adulto,Sí,2.2,No,0,40.1,12.8
VIC0015,Sector Sur,Macho,Adulto,Sí,2.5,No,1,46.8,13.2
VIC0016,Sector Este,Hembra,Cría,No,2.5,No,3,24.5,12.5
VIC0017,Sector Este,Macho,Adulto,Sí,3.9,No,0,43.4,12.8
VIC0018,Sector Sur,Hembra,Juvenil,No,2.0,Sí,2,33.8,13.4
VIC0019,Sector Este,Macho,Adulto,No,3.3,No,2,43.4,14.5
VIC0020,Sector Norte,Hembra,Cría,Sí,1.9,No,1,16.4,14.4
VIC0021,Sector Norte,Macho,Juvenil,Sí,2.7,No,2,31.8,14.6
VIC0022,Sector Norte,Macho,Adulto,Sí,1.9,No,0,44.2,13.8
VIC0023,Sector Norte,Hembra,Adulto,Sí,2.9,No,1,46.2,14.2
VIC0024,Sector Este,Macho,Adulto,No,2.6,No,0,48.7,11.4
VIC0025,Sector Este,Macho,Juvenil,Sí,3.1,No,0,37.2,12.3
VIC0026,Sector Este,Hembra,Cría,No,2.7,Sí,3,26.9,17.3
VIC0027,Sector Sur,Hembra,Adulto,No,2.5,Sí,4,45.2,15.8
VIC0028,Sector Sur,Macho,Adulto,Sí,2.1,Sí,6,49.9,15.5
VIC0029,Sector Norte,Hembra,Adulto,No,2.1,No,0,48.0,12.6
VIC0030,Sector Este,Macho,Juvenil,No,2.9,No,1,39.7,11.6
VIC0031,Sector Oeste,Hembra,Adulto,No,2.5,No,0,44.2,12.8
VIC0032,Sector Norte,Hembra,Juvenil,No,2.9,Sí,3,30.1,13.3
VIC0033,Sector Norte,Hembra,Adulto,Sí,4.0,No,3,48.2,13.3
VIC0034,Sector Norte,Macho,Juvenil,No,2.0,Sí,4,31.7,16.1
VIC0035,Sector Sur,Macho,Adulto,No,1.7,Sí,3,42.5,11.8
VIC0036,Sector Norte,Hembra,Adulto,Sí,3.7,No,0,38.9,12.0
VIC0037,Sector Norte,Macho,Juvenil,No,2.2,No,2,31.5,12.5
VIC0038,Sector Este,Macho,Cría,No,2.7,Sí,1,25.2,15.3
VIC0039,Sector Sur,Hembra,Adulto,Sí,2.9,No,0,41.6,13.4
VIC0040,Sector Oeste,Hembra,Adulto,Sí,2.8,No,2,58.5,13.1
VIC0041,Sector Oeste,Macho,Adulto,No,3.3,No,0,43.4,15.7
VIC0042,Sector Este,Hembra,Adulto,No,2.2,No,1,44.0,10.0
VIC0043,Sector Oeste,Hembra,Juvenil,No,2.5,No,1,34.6,14.0
VIC0044,Sector Este,Hembra,Juvenil,Sí,2.8,No,0,28.8,12.5
VIC0045,Sector Oeste,Hembra,Adulto,Sí,3.3,No,0,52.1,15.7
VIC0046,Sector Oeste,Hembra,Juvenil,Sí,3.1,No,1,28.8,11.5
VIC0047,Sector Sur,Macho,Adulto,Sí,2.8,No,2,43.9,14.7
VIC0048,Sector Este,Macho,Cría,Sí,2.1,No,1,15.0,15.2
VIC0049,Sector Norte,Hembra,Juvenil,No,2.0,No,0,33.1,13.7
VIC0050,Sector Sur,Hembra,Adulto,,2.6,Sí,3,44.8,13.5
VIC0051,Sector Este,Hembra,Cría,No,2.7,No,1,17.1,12.0
VIC0052,Sector Este,Macho,Cría,Sí,1.8,No,0,,13.1
VIC0053,Sector Sur,Hembra,Adulto,Sí,2.3,No,1,44.1,11.2
VIC0054,Sector Oeste,Hembra,Cría,No,2.4,No,0,26.3,13.0
VIC0055,Sector Sur,Hembra,Adulto,No,1.7,Sí,5,52.7,15.4
VIC0056,Sector Este,Macho,Adulto,Sí,2.7,No,1,47.3,13.6
VIC0057,Sector Este,Hembra,Adulto,Sí,2.7,No,1,48.5,12.9
VIC0058,Sector Norte,Hembra,Adulto,Sí,2.2,No,2,48.7,14.2
VIC0059,Sector Norte,Macho,Adulto,No,2.8,No,1,40.0,15.1
VIC0060,Sector Este,Macho,Juvenil,No,2.7,No,0,34.9,13.2
VIC0061,Sector Oeste,Macho,Adulto,Sí,3.1,No,2,47.9,13.2
VIC0062,Sector Sur,Hembra,Juvenil,No,2.8,No,3,40.1,14.0
VIC0063,Sector Este,Macho,Cría,Sí,2.8,No,1,27.5,14.0
VIC0064,Sector Norte,Macho,Adulto,Sí,2.7,No,1,36.3,13.4
VIC0065,Sector Oeste,Hembra,Cría,No,3.3,No,0,15.7,11.7
VIC0066,Sector Este,Hembra,Juvenil,No,2.0,No,1,29.9,14.3
VIC0067,Sector Oeste,Hembra,Adulto,Sí,3.0,No,1,46.0,13.9
VIC0068,Sector Oeste,Hembra,Cría,Sí,2.9,No,0,24.8,12.4
VIC0069,Sector Norte,Hembra,Adulto,Sí,3.0,No,2,43.8,13.4
VIC0070,Sector Norte,Hembra,Adulto,Sí,2.9,No,0,40.0,13.6
VIC0071,Sector Norte,Hembra,Adulto,Sí,3.2,Sí,0,40.5,15.7
VIC0072,Sector Este,Macho,Juvenil,No,2.0,No,1,30.1,14.7
VIC0073,Sector Oeste,Hembra,Adulto,Sí,3.4,Sí,2,39.8,14.3
VIC0074,Sector Este,Hembra,Adulto,Sí,3.0,No,2,45.9,14.2
VIC0075,Sector Norte,Macho,Adulto,Sí,2.2,No,0,37.0,12.0
VIC0076,Sector Este,Macho,Adulto,Sí,2.3,No,0,43.7,12.8
VIC0077,Sector Oeste,Macho,Juvenil,Sí,2.6,No,0,43.5,14.8
VIC0078,Sector Oeste,Macho,Juvenil,Sí,2.8,No,1,37.2,14.0
VIC0079,Sector Norte,Hembra,Juvenil,No,2.5,No,0,34.0,14.2
VIC0080,Sector Oeste,Hembra,Adulto,Sí,2.6,No,2,43.7,13.5
VIC0081,Sector Sur,Macho,Adulto,No,2.0,Sí,1,41.9,12.7
VIC0082,Sector Sur,Hembra,Juvenil,No,3.0,No,1,29.9,14.2
VIC0083,Sector Oeste,Hembra,Adulto,No,2.2,No,1,48.0,13.2
VIC0084,Sector Este,Hembra,Juvenil,No,1.6,Sí,2,34.1,14.3
VIC0085,Sector Sur,Hembra,Adulto,Sí,3.2,No,0,47.8,12.3
VIC0086,Sector Sur,Macho,Cría,No,2.0,No,0,26.8,12.6
VIC0087,Sector Norte,Hembra,Juvenil,Sí,2.2,No,0,31.4,14.5
VIC0088,Sector Este,Hembra,Juvenil,Sí,2.3,No,1,29.1,13.0
VIC0089,Sector Norte,Macho,Juvenil,No,1.5,No,1,25.3,13.8
VIC0090,Sector Este,Hembra,Juvenil,No,2.6,No,3,31.0,14.7
VIC0091,Sector Sur,Macho,Adulto,Sí,3.0,Sí,5,47.9,14.3
VIC0092,Sector Oeste,Hembra,Adulto,Sí,2.9,No,0,51.8,14.2
VIC0093,Sector Norte,Hembra,Juvenil,Sí,2.6,No,0,33.1,14.0
VIC0094,Sector Norte,Hembra,Adulto,No,1.9,No,,43.0,10.6
VIC0095,Sector Este,Macho,Adulto,No,2.7,No,0,50.8,12.2
VIC0096,Sector Sur,Hembra,Adulto,Sí,2.7,No,1,47.0,14.3
VIC0097,Sector Norte,Macho,Adulto,No,2.6,Sí,2,39.7,15.3
VIC0098,Sector Sur,Macho,Adulto,No,2.2,No,1,42.6,11.3
VIC0099,Sector Norte,Hembra,Adulto,No,2.5,No,0,42.7,14.4
VIC0100,Sector Sur,Hembra,Adulto,Sí,3.1,No,1,48.2,16.0
VIC0101,Sector Sur,Hembra,Adulto,Sí,2.3,No,1,38.3,12.7
VIC0102,Sector Sur,Hembra,Juvenil,Sí,2.8,No,0,32.4,13.2
VIC0103,Sector Sur,Hembra,Juvenil,Sí,3.3,No,0,33.1,11.8
VIC0104,Sector Oeste,Hembra,Adulto,Sí,2.1,No,1,37.1,11.2
VIC0105,Sector Este,Macho,Juvenil,Sí,3.3,No,0,40.9,15.3
VIC0106,Sector Sur,Macho,Adulto,Sí,2.7,No,0,38.8,14.0
VIC0107,Sector Norte,Macho,Adulto,Sí,3.1,No,2,41.7,15.3
VIC0108,Sector Norte,Hembra,Adulto,Sí,3.2,No,1,38.7,14.7
VIC0109,Sector Este,Macho,Adulto,Sí,3.2,No,0,39.4,11.3
VIC0110,Sector Oeste,Hembra,Juvenil,No,2.1,Sí,3,,14.2
VIC0111,Sector Sur,Macho,Adulto,Sí,3.2,No,0,47.9,14.2
VIC0112,Sector Oeste,Hembra,Cría,Sí,2.4,Sí,2,30.0,13.5
VIC0113,Sector Sur,Macho,Juvenil,No,2.6,No,1,32.1,14.2
VIC0114,Sector Norte,Hembra,Adulto,,2.7,Sí,3,46.0,15.1
VIC0115,Sector Este,Macho,Juvenil,Sí,2.5,No,1,38.7,14.7
VIC0116,Sector Este,Hembra,Cría,Sí,2.2,No,0,26.0,12.2
VIC0117,Sector Este,Macho,Adulto,No,2.2,Sí,3,47.3,11.4
VIC0118,Sector Sur,Macho,Adulto,Sí,2.5,No,0,40.2,12.8
VIC0119,Sector Norte,Macho,Juvenil,No,2.3,No,1,30.4,13.4
VIC0120,Sector Sur,Hembra,Cría,No,2.8,No,1,17.4,12.8
VIC0121,Sector Sur,Hembra,Cría,No,1.9,No,1,17.4,13.1
VIC0122,Sector Este,Hembra,Adulto,No,2.6,No,1,,13.6
VIC0123,Sector Norte,Macho,Cría,No,2.2,No,1,25.9,13.4
VIC0124,Sector Norte,Macho,Adulto,Sí,2.6,No,1,52.2,15.9
VIC0125,Sector Oeste,Macho,Adulto,No,2.7,No,2,48.9,14.0
VIC0126,Sector Norte,Hembra,Adulto,No,2.5,No,0,50.5,13.8
VIC0127,Sector Sur,Hembra,Adulto,Sí,1.8,No,1,48.8,13.2
VIC0128,Sector Sur,Hembra,Adulto,,3.5,No,0,40.8,12.0
VIC0129,Sector Norte,Hembra,Juvenil,Sí,2.5,No,0,29.0,15.0
VIC0130,Sector Norte,Macho,Juvenil,Sí,2.7,No,2,34.8,15.4
VIC0131,Sector Este,Macho,Juvenil,Sí,3.0,No,0,30.2,13.2
VIC0132,Sector Este,Macho,Juvenil,Sí,3.4,Sí,4,29.8,15.3
VIC0133,Sector Oeste,Macho,Adulto,Sí,2.7,Sí,4,43.4,12.4
VIC0134,Sector Oeste,Macho,Adulto,No,2.5,No,0,44.6,13.0
VIC0135,Sector Oeste,Hembra,Adulto,Sí,2.7,No,1,40.2,13.6
VIC0136,Sector Este,Macho,Adulto,Sí,1.9,No,0,41.2,11.3
VIC0137,Sector Oeste,Hembra,Adulto,No,2.8,No,1,42.0,13.9
VIC0138,Sector Sur,Macho,Adulto,No,2.6,Sí,2,43.3,14.6
VIC0139,Sector Sur,Macho,Adulto,No,2.7,No,0,51.0,14.5
VIC0140,Sector Este,Macho,Adulto,No,3.1,Sí,4,41.9,12.1
VIC0141,Sector Este,Hembra,Adulto,Sí,2.7,No,1,55.0,14.0
VIC0142,Sector Sur,Macho,Adulto,No,2.2,Sí,3,45.3,13.8
VIC0143,Sector Norte,Hembra,Adulto,No,2.3,Sí,4,47.9,14.5
VIC0144,Sector Oeste,Hembra,Adulto,Sí,2.6,Sí,4,43.7,13.8
VIC0145,Sector Este,Hembra,Juvenil,Sí,3.2,No,0,30.9,11.9
VIC0146,Sector Norte,Hembra,Adulto,Sí,3.1,No,0,41.5,13.9
VIC0147,Sector Sur,Macho,Adulto,No,1.9,No,2,40.7,12.7
VIC0148,Sector Este,Hembra,Adulto,Sí,2.5,No,,41.8,14.9
VIC0149,Sector Sur,Hembra,Juvenil,No,2.0,Sí,3,30.4,12.3
VIC0150,Sector Este,Hembra,Adulto,No,2.4,No,1,47.4,14.5
VIC0151,Sector Este,Hembra,Adulto,No,2.0,Sí,5,41.3,16.6
VIC0152,Sector Norte,Macho,Juvenil,Sí,3.9,No,1,27.4,14.5
VIC0153,Sector Sur,Macho,Juvenil,Sí,3.7,No,1,28.5,13.7
VIC0154,Sector Sur,Hembra,Juvenil,No,1.9,No,3,31.0,14.0
VIC0155,Sector Norte,Hembra,Juvenil,Sí,3.2,No,2,35.9,13.2
VIC0156,Sector Norte,Macho,Cría,Sí,3.1,No,0,24.3,14.0
VIC0157,Sector Norte,Hembra,Juvenil,Sí,3.2,No,2,37.2,13.7
VIC0158,Sector Oeste,Hembra,Adulto,No,2.9,No,1,46.4,15.6
VIC0159,Sector Norte,Hembra,Adulto,No,2.2,No,3,42.6,11.4
VIC0160,Sector Este,Macho,Juvenil,Sí,2.5,No,0,35.3,12.8
VIC0161,Sector Oeste,Macho,Adulto,Sí,2.0,Sí,5,40.4,14.8
VIC0162,Sector Oeste,Macho,Cría,No,2.0,Sí,3,26.7,14.9
VIC0163,Sector Este,Hembra,Adulto,Sí,2.7,No,0,40.5,13.0
VIC0164,Sector Este,Macho,Adulto,No,2.1,No,1,42.2,14.0
VIC0165,Sector Oeste,Hembra,Adulto,Sí,2.5,No,1,39.4,12.8
VIC0166,Sector Norte,Macho,Cría,Sí,3.1,No,1,21.5,14.7
VIC0167,Sector Sur,Macho,Juvenil,Sí,3.0,No,2,30.8,11.8
VIC0168,Sector Oeste,Macho,Juvenil,Sí,2.8,No,0,28.3,14.5
VIC0169,Sector Norte,Macho,Juvenil,No,1.9,Sí,3,33.9,14.1
VIC0170,Sector Oeste,Hembra,Juvenil,Sí,2.7,No,3,37.6,13.3
VIC0171,Sector Sur,Macho,Adulto,Sí,2.7,No,0,48.1,13.4
VIC0172,Sector Sur,Hembra,Cría,Sí,1.8,No,1,21.9,13.7
VIC0173,Sector Norte,Macho,Cría,Sí,3.0,No,1,15.7,13.2
VIC0174,Sector Sur,Hembra,Juvenil,Sí,3.1,No,0,31.8,13.4
VIC0175,Sector Oeste,Macho,Juvenil,No,2.4,No,0,33.4,13.5
VIC0176,Sector Sur,Hembra,Juvenil,No,2.0,No,0,33.2,13.4
VIC0177,Sector Oeste,Macho,Adulto,Sí,3.5,No,1,45.8,13.1
VIC0178,Sector Este,Hembra,Juvenil,Sí,2.3,No,1,33.1,12.3
VIC0179,Sector Este,Macho,Juvenil,No,2.5,No,0,40.7,14.2
VIC0180,Sector Este,Hembra,Juvenil,Sí,2.5,No,1,39.5,13.1
VIC0181,Sector Sur,Macho,Adulto,Sí,2.7,No,3,42.1,15.2
VIC0182,Sector Oeste,Hembra,Juvenil,Sí,3.3,No,3,31.8,11.1
VIC0183,Sector Norte,Hembra,Adulto,Sí,2.8,No,1,39.8,11.6
VIC0184,Sector Este,Macho,Cría,No,2.0,No,0,20.7,11.4
VIC0185,Sector Oeste,Macho,Juvenil,Sí,2.8,No,1,31.4,13.2
VIC0186,Sector Este,Hembra,Juvenil,Sí,1.6,No,0,31.6,13.1
VIC0187,Sector Este,Macho,Juvenil,No,2.7,No,0,33.2,12.9
VIC0188,Sector Este,Hembra,Juvenil,Sí,2.4,No,2,34.6,11.3
VIC0189,Sector Norte,Macho,Juvenil,Sí,3.1,No,1,42.1,11.1
VIC0190,Sector Sur,Macho,Adulto,Sí,2.9,No,0,50.5,13.2
VIC0191,Sector Oeste,Hembra,Adulto,No,2.1,No,2,44.3,13.3
VIC0192,Sector Este,Macho,Adulto,No,2.5,No,0,43.2,13.4
VIC0193,Sector Oeste,Macho,Cría,No,3.3,Sí,2,17.1,14.1
VIC0194,Sector Oeste,Macho,Adulto,No,2.4,No,,49.4,12.4
VIC0195,Sector Oeste,Macho,Adulto,No,2.1,Sí,3,39.1,14.9
VIC0196,Sector Sur,Hembra,Juvenil,No,2.2,No,0,39.0,11.8
VIC0197,Sector Oeste,Hembra,Juvenil,Sí,2.9,No,3,31.1,13.9
VIC0198,Sector Sur,Macho,Juvenil,Sí,2.6,No,0,35.1,14.2
VIC0199,Sector Oeste,Macho,Adulto,Sí,2.9,No,1,42.5,14.2
VIC0200,Sector Norte,Hembra,Juvenil,Sí,2.2,No,1,,15.6
VIC0201,Sector Sur,Hembra,Adulto,No,2.5,No,0,,13.1
VIC0202,Sector Norte,Hembra,Adulto,Sí,3.2,No,1,49.3,14.9
VIC0203,Sector Norte,Hembra,Adulto,Sí,2.7,Sí,2,42.1,14.4
VIC0204,Sector Este,Macho,Adulto,Sí,2.9,No,1,39.4,13.3
VIC0205,Sector Sur,Macho,Cría,Sí,2.6,Sí,3,20.6,15.2
VIC0206,Sector Sur,Hembra,Adulto,No,2.2,Sí,,46.8,16.4
VIC0207,Sector Sur,Macho,Cría,Sí,3.1,No,0,28.0,15.6
VIC0208,Sector Oeste,Hembra,Adulto,No,3.0,Sí,6,44.6,13.2
VIC0209,Sector Sur,Macho,Juvenil,Sí,2.5,No,0,44.3,12.9
VIC0210,Sector Norte,Hembra,Cría,Sí,2.7,No,1,21.9,12.9
VIC0211,Sector Oeste,Macho,Adulto,Sí,2.5,No,1,40.3,13.6
VIC0212,Sector Este,Hembra,Cría,No,1.9,No,1,20.3,12.3
VIC0213,Sector Oeste,Hembra,Adulto,Sí,2.8,No,0,51.0,12.0
VIC0214,Sector Sur,Macho,Adulto,Sí,2.9,No,0,46.8,13.0
VIC0215,Sector Este,Macho,Cría,Sí,2.9,Sí,3,17.7,13.2
VIC0216,Sector Oeste,Macho,Adulto,No,1.7,No,0,38.9,11.2
VIC0217,Sector Este,Macho,Adulto,Sí,3.6,Sí,2,45.5,14.8
VIC0218,Sector Norte,Macho,Juvenil,No,2.6,No,1,37.2,15.9
VIC0219,Sector Norte,Macho,Juvenil,Sí,3.4,No,0,33.7,11.9
VIC0220,Sector Oeste,Macho,Adulto,Sí,3.3,No,0,45.5,13.0
VIC0221,Sector Norte,Macho,Juvenil,Sí,2.6,No,0,36.6,12.5
VIC0222,Sector Sur,Hembra,Adulto,No,3.2,No,0,44.1,15.0
VIC0223,Sector Este,Hembra,Cría,No,2.5,No,0,21.0,13.2
VIC0224,Sector Norte,Hembra,Juvenil,Sí,3.4,No,2,34.5,15.4
VIC0225,Sector Sur,Macho,Adulto,No,2.5,Sí,2,47.3,14.0
VIC0226,Sector Oeste,Hembra,Adulto,No,2.7,Sí,2,49.8,15.6
VIC0227,Sector Sur,Macho,Cría,No,3.2,Sí,3,25.6,16.1
VIC0228,Sector Este,Macho,Adulto,No,3.1,No,0,44.7,14.2
VIC0229,Sector Oeste,Hembra,Cría,No,1.6,No,1,18.6,13.1
VIC0230,Sector Este,Macho,Adulto,Sí,2.6,Sí,2,50.4,13.6
VIC0231,Sector Oeste,Hembra,Cría,Sí,3.2,Sí,2,22.5,12.6
VIC0232,Sector Sur,Hembra,Cría,No,2.5,Sí,3,22.4,13.8
VIC0233,Sector Este,Hembra,Adulto,Sí,2.8,No,2,44.9,13.5
VIC0234,Sector Norte,Macho,Juvenil,Sí,2.3,No,0,33.8,12.8
VIC0235,Sector Este,Hembra,Cría,No,2.7,No,1,20.5,14.4
VIC0236,Sector Este,Hembra,Juvenil,No,2.4,Sí,4,30.8,14.3
VIC0237,Sector Oeste,Macho,Cría,No,3.0,No,1,24.5,13.7
VIC0238,Sector Sur,Macho,Adulto,,2.8,Sí,3,43.2,12.4
VIC0239,Sector Oeste,Hembra,Adulto,Sí,2.3,No,1,47.5,14.0
VIC0240,Sector Sur,Hembra,Juvenil,Sí,2.5,No,0,32.4,13.8
VIC0241,Sector Sur,Macho,Adulto,No,3.0,Sí,1,49.7,15.2
VIC0242,Sector Sur,Macho,Adulto,Sí,2.0,No,3,48.1,13.8
VIC0243,Sector Este,Hembra,Cría,No,2.9,Sí,2,18.2,13.7
VIC0244,Sector Norte,Macho,Juvenil,Sí,3.0,Sí,1,27.1,13.4
VIC0245,Sector Norte,Hembra,Cría,No,3.0,No,1,24.6,15.4
VIC0246,Sector Sur,Macho,Cría,No,2.0,Sí,0,19.7,14.7
VIC0247,Sector Este,Hembra,Adulto,No,2.9,No,,45.4,13.6
VIC0248,Sector Norte,Hembra,Adulto,Sí,3.1,No,2,39.1,15.2
VIC0249,Sector Norte,Hembra,Adulto,Sí,2.5,No,0,48.9,12.0
VIC0250,Sector Norte,Macho,Juvenil,Sí,2.6,No,2,39.7,13.9
VIC0251,Sector Norte,Hembra,Adulto,Sí,2.9,No,0,36.8,15.7
VIC0252,Sector Sur,Macho,Adulto,No,2.9,Sí,2,43.4,15.4
VIC0253,Sector Norte,Macho,Cría,Sí,2.4,No,1,15.2,13.6
VIC0254,Sector Norte,Hembra,Juvenil,Sí,2.7,No,0,40.2,12.4
VIC0255,Sector Este,Macho,Juvenil,No,2.3,No,1,33.6,13.2
VIC0256,Sector Oeste,Macho,Adulto,No,2.6,Sí,2,41.5,14.9
VIC0257,Sector Oeste,Hembra,Cría,No,2.5,Sí,2,18.0,15.4
VIC0258,Sector Norte,Macho,Juvenil,No,3.0,No,0,31.8,10.0
VIC0259,Sector Sur,Hembra,Adulto,Sí,2.2,No,0,44.2,12.9
VIC0260,Sector Oeste,Hembra,Juvenil,No,2.0,No,0,34.4,15.6
VIC0070,Sector Norte,Hembra,Adulto,Sí,2.9,No,0,40.0,13.6
VIC0084,Sector Este,Hembra,Juvenil,No,1.6,Sí,2,34.1,14.3
