id_bovino,establo,raza,etapa_lactancia,dieta,numero_partos,edad_meses,produccion_leche_l_dia,grasa_pct,proteina_pct,condicion_corporal,mastitis
PROD0001,Establo A,Holstein,Temprana,Dieta A,2,74,28.8,3.83,3.45,3.1,No
PROD0002,Establo D,Cruce,Tardía,Dieta A,5,130,26.3,4.1,3.5,3.7,No
PROD0003,Establo C,Brown Swiss,Media,Dieta A,7,130,28.3,3.89,3.12,3.1,No
PROD0004,Establo C,Holstein,Tardía,Dieta B,4,103,26.0,3.78,3.17,3.5,Sí
PROD0005,Establo D,Jersey,Temprana,Dieta A,3,83,27.4,4.04,3.27,3.1,No
PROD0006,Establo A,Jersey,Tardía,Dieta B,2,69,22.7,3.73,3.44,2.5,No
PROD0007,Establo D,Holstein,Media,Dieta B,3,98,23.5,3.83,3.43,2.7,No
PROD0008,Establo C,Holstein,Temprana,Dieta A,1,43,23.7,4.07,3.18,3.4,No
PROD0009,Establo D,Jersey,Media,Dieta B,5,130,28.0,3.65,3.45,3.0,No
PROD0010,Establo C,Brown Swiss,Tardía,Dieta A,4,130,20.9,3.7,3.14,4.1,No
PROD0011,Establo D,Brown Swiss,Media,Dieta B,3,101,24.3,3.74,3.0,2.9,No
PROD0012,Establo C,Holstein,Temprana,Dieta A,4,107,28.6,4.04,3.22,3.9,No
PROD0013,Establo B,Cruce,Tardía,Dieta B,7,130,30.5,4.14,3.26,2.6,Sí
PROD0014,Establo D,Jersey,Tardía,Dieta A,5,125,21.2,4.19,3.31,3.3,No
PROD0015,Establo C,Holstein,Temprana,Dieta B,3,89,30.0,3.79,3.2,2.4,No
PROD0016,Establo B,Jersey,Temprana,Dieta B,1,58,29.5,3.44,3.38,2.8,Sí
PROD0017,Establo B,Brown Swiss,Media,Dieta A,2,81,15.5,3.68,3.15,3.3,No
PROD0018,Establo A,Cruce,Media,Dieta B,6,130,31.1,4.03,3.14,2.3,No
PROD0019,Establo A,Brown Swiss,Media,Dieta A,3,94,28.2,4.03,2.86,3.0,No
PROD0020,Establo B,Holstein,Media,Dieta B,4,122,29.8,2.93,3.33,2.7,No
PROD0021,Establo A,Cruce,Media,Dieta B,4,106,30.7,3.58,3.26,3.4,No
PROD0022,Establo C,Brown Swiss,Media,Dieta A,3,84,18.5,3.79,3.26,3.4,No
PROD0023,Establo B,Brown Swiss,Tardía,Dieta B,2,85,21.9,3.35,3.18,4.2,No
PROD0024,Establo D,Brown Swiss,Temprana,Dieta A,0,46,25.0,3.93,3.27,3.2,No
PROD0025,Establo A,Jersey,Temprana,,5,130,29.9,3.77,3.48,3.8,No
PROD0026,Establo C,Jersey,Tardía,Dieta B,6,130,25.5,3.93,3.41,3.0,Sí
PROD0027,Establo C,Holstein,Tardía,Dieta B,6,130,23.9,4.24,3.11,3.4,No
PROD0028,Establo B,Holstein,Tardía,Dieta A,6,130,21.9,3.59,3.49,2.2,No
PROD0029,Establo C,Holstein,Temprana,Dieta A,2,74,23.4,3.77,3.23,3.5,No
PROD0030,Establo C,Holstein,Media,Dieta B,3,113,24.9,4.3,3.22,3.6,No
PROD0031,Establo C,Holstein,Tardía,Dieta B,5,130,24.7,3.55,3.48,3.4,No
PROD0032,Establo B,Holstein,Temprana,Dieta B,5,127,31.2,3.38,3.43,3.4,No
PROD0033,Establo B,Cruce,Media,Dieta A,5,127,22.2,3.84,3.38,3.1,No
PROD0034,Establo B,Holstein,Media,Dieta A,2,82,21.5,3.94,3.07,3.1,Sí
PROD0035,Establo C,Brown Swiss,Media,Dieta A,3,86,23.0,3.45,3.43,2.8,No
PROD0036,Establo B,Holstein,Media,Dieta A,2,70,20.9,4.3,3.84,3.2,No
PROD0037,Establo B,Holstein,Tardía,Dieta B,6,130,25.9,3.83,2.98,3.6,No
PROD0038,Establo B,Holstein,Media,Dieta A,0,52,26.5,4.11,3.27,2.9,Sí
PROD0039,Establo A,Holstein,Tardía,Dieta B,4,100,21.4,3.41,3.33,2.4,Sí
PROD0040,Establo D,Holstein,Temprana,Dieta B,1,47,32.2,3.81,3.4,3.0,No
PROD0041,Establo C,Brown Swiss,Temprana,Dieta A,2,67,27.3,3.78,3.89,2.6,No
PROD0042,Establo C,Holstein,Temprana,Dieta B,2,58,28.8,3.51,2.96,3.4,Sí
PROD0043,Establo D,Brown Swiss,Temprana,Dieta B,4,127,28.3,3.07,3.15,3.5,No
PROD0044,Establo B,Holstein,Media,Dieta B,5,118,27.9,3.95,3.19,3.0,Sí
PROD0045,Establo D,Jersey,Media,Dieta A,0,32,17.2,3.93,3.21,2.5,No
PROD0046,Establo A,Holstein,Media,Dieta B,4,117,28.7,3.39,3.31,3.5,No
PROD0047,Establo A,Holstein,Temprana,Dieta A,2,84,28.8,3.54,3.44,4.3,No
PROD0048,Establo A,Brown Swiss,Tardía,Dieta B,3,80,25.6,3.73,3.63,4.2,No
PROD0049,Establo C,Cruce,Temprana,Dieta A,1,53,24.9,4.21,3.74,3.2,No
PROD0050,Establo B,Holstein,Temprana,Dieta A,5,130,22.4,3.25,3.03,3.2,No
PROD0051,Establo C,Brown Swiss,Temprana,Dieta B,5,130,25.3,3.89,3.37,2.8,No
PROD0052,Establo A,Holstein,Tardía,Dieta B,3,87,29.0,3.77,3.35,3.3,No
PROD0053,Establo D,Brown Swiss,Tardía,Dieta B,5,130,23.8,3.66,3.01,3.2,No
PROD0054,Establo A,Holstein,Temprana,Dieta B,6,130,33.4,3.53,3.22,3.9,No
PROD0055,Establo B,Holstein,Temprana,Dieta A,0,42,27.2,3.92,3.4,3.1,No
PROD0056,Establo C,Holstein,Temprana,Dieta B,3,93,33.3,3.39,3.37,3.3,No
PROD0057,Establo A,Holstein,Media,Dieta A,5,130,22.1,3.64,3.11,2.4,No
PROD0058,Establo B,Holstein,Tardía,Dieta A,4,121,20.1,3.38,3.02,2.5,No
PROD0059,Establo B,Cruce,Tardía,Dieta A,5,130,12.8,4.1,3.03,2.7,No
PROD0060,Establo B,Holstein,Tardía,Dieta A,3,83,15.1,2.89,3.2,3.6,No
PROD0061,Establo C,Holstein,Tardía,Dieta B,4,128,26.7,3.7,3.38,2.4,No
PROD0062,Establo C,Holstein,Media,Dieta B,2,90,22.4,3.74,3.4,3.3,No
PROD0063,Establo C,Brown Swiss,Tardía,Dieta A,3,120,26.7,3.3,3.21,3.4,No
PROD0064,Establo B,Holstein,Media,Dieta A,4,111,25.2,3.45,3.42,4.2,Sí
PROD0065,Establo B,Brown Swiss,Media,Dieta A,3,102,19.7,2.55,3.09,2.2,No
PROD0066,Establo B,Holstein,Media,Dieta B,2,53,21.8,4.02,3.37,3.4,No
PROD0067,Establo D,Cruce,Temprana,Dieta A,0,51,35.6,3.69,3.06,2.8,No
PROD0068,Establo A,Jersey,Media,Dieta A,3,93,21.3,4.14,3.27,3.6,No
PROD0069,Establo C,Jersey,Temprana,Dieta B,5,120,24.7,3.8,3.51,3.8,No
PROD0070,Establo C,Jersey,Media,Dieta A,6,130,16.7,3.61,3.34,2.8,No
PROD0071,Establo D,Brown Swiss,Media,Dieta B,5,130,31.6,3.65,3.13,2.8,Sí
PROD0072,Establo C,Holstein,Temprana,Dieta B,6,130,25.3,4.15,3.03,3.1,No
PROD0073,Establo C,Holstein,Tardía,Dieta A,6,130,20.8,3.67,3.0,2.1,Sí
PROD0074,Establo B,Brown Swiss,Media,Dieta B,3,120,17.4,4.17,3.57,3.1,No
PROD0075,Establo A,Holstein,Tardía,Dieta A,3,97,20.8,4.13,2.98,3.1,No
PROD0076,Establo C,Brown Swiss,Temprana,Dieta B,4,105,35.0,4.05,3.45,3.9,No
PROD0077,Establo A,Brown Swiss,Media,Dieta B,1,44,27.8,3.31,3.5,3.0,No
PROD0078,Establo A,Holstein,Media,Dieta A,4,113,49.5,3.8,3.14,3.0,No
PROD0079,Establo D,Cruce,Media,Dieta B,2,81,21.6,3.86,3.27,3.1,No
PROD0080,Establo C,Holstein,Temprana,Dieta B,2,70,29.1,3.61,3.08,1.9,No
PROD0081,Establo B,Jersey,Media,Dieta B,0,29,26.8,3.96,3.03,2.9,Sí
PROD0082,Establo A,Holstein,Tardía,Dieta A,5,127,22.2,4.0,3.0,3.7,No
PROD0083,Establo D,Cruce,Temprana,Dieta A,3,103,24.5,3.48,3.14,2.9,No
PROD0084,Establo C,Holstein,Media,Dieta A,7,130,20.9,3.31,3.36,2.3,No
PROD0085,Establo B,Holstein,Media,Dieta A,1,70,25.8,3.95,3.15,3.7,Sí
PROD0086,Establo C,Cruce,Temprana,Dieta B,5,130,29.2,3.38,3.58,3.0,No
PROD0087,Establo A,Holstein,Temprana,Dieta A,5,130,30.5,3.82,3.3,3.0,No
PROD0088,Establo B,Cruce,Media,Dieta B,2,71,21.5,3.54,3.13,2.2,No
PROD0089,Establo B,Brown Swiss,Tardía,Dieta B,3,103,17.9,4.07,3.4,3.3,No
PROD0090,Establo B,Holstein,Temprana,Dieta A,4,115,23.2,3.88,3.2,3.4,No
PROD0091,Establo A,Brown Swiss,Tardía,Dieta B,3,84,26.2,3.37,3.23,2.8,No
PROD0092,Establo A,Holstein,Tardía,Dieta B,4,111,,3.3,3.22,3.2,No
PROD0093,Establo D,Holstein,Temprana,Dieta A,5,130,24.0,4.16,3.32,3.5,Sí
PROD0094,Establo D,Holstein,Media,Dieta B,4,107,22.1,3.64,3.06,3.5,Sí
PROD0095,Establo B,Holstein,Media,Dieta B,2,76,32.1,3.19,3.18,3.4,Sí
PROD0096,Establo B,Brown Swiss,Temprana,Dieta B,2,95,33.2,3.82,3.51,2.8,No
PROD0097,Establo B,Holstein,Media,Dieta B,5,130,27.9,4.04,3.0,2.5,No
PROD0098,Establo D,Brown Swiss,Media,Dieta B,4,110,21.7,3.97,3.15,2.8,Sí
PROD0099,Establo A,Cruce,Tardía,Dieta A,0,24,16.5,3.08,3.31,3.9,Sí
PROD0100,Establo A,Holstein,Media,Dieta A,3,78,22.8,4.03,3.34,2.6,No
PROD0101,Establo B,Holstein,Temprana,Dieta A,5,130,29.6,4.06,3.1,3.2,No
PROD0102,Establo B,Holstein,Media,Dieta B,2,67,24.8,3.83,3.21,3.9,No
PROD0103,Establo A,Cruce,Media,Dieta B,0,34,26.5,4.0,3.01,3.7,No
PROD0104,Establo D,Holstein,Media,Dieta A,6,130,23.2,3.94,2.75,4.0,No
PROD0105,Establo B,Cruce,Tardía,Dieta A,2,72,24.8,,2.9,3.4,Sí
PROD0106,Establo D,Brown Swiss,Temprana,Dieta B,5,130,29.0,3.65,3.41,2.5,No
PROD0107,Establo B,Jersey,Tardía,Dieta A,5,130,12.5,4.32,3.89,2.6,No
PROD0108,Establo D,Brown Swiss,Temprana,Dieta B,2,75,36.3,3.6,3.09,3.1,No
PROD0109,Establo A,Holstein,Media,Dieta B,2,82,19.3,4.02,2.97,4.3,Sí
PROD0110,Establo B,Brown Swiss,Media,Dieta A,5,130,26.2,3.24,3.26,2.7,No
PROD0111,Establo C,Holstein,Tardía,Dieta B,0,26,23.8,3.61,2.95,2.9,No
PROD0112,Establo C,Cruce,Temprana,Dieta B,3,96,26.0,4.06,3.09,3.3,No
PROD0113,Establo C,Holstein,Media,Dieta A,2,66,24.6,3.65,3.51,3.2,No
PROD0114,Establo D,Holstein,Temprana,Dieta A,5,130,27.3,3.78,3.26,3.2,No
PROD0115,Establo B,Holstein,Media,Dieta B,3,82,25.7,3.79,3.48,2.8,No
PROD0116,Establo A,Holstein,Media,Dieta B,2,78,28.3,3.48,2.9,3.0,No
PROD0117,Establo D,Holstein,Temprana,Dieta B,5,127,33.7,3.83,3.21,3.2,Sí
PROD0118,Establo D,Holstein,Temprana,Dieta A,4,127,23.7,4.32,2.99,3.2,No
PROD0119,Establo C,Holstein,Temprana,Dieta A,1,64,21.2,3.93,3.38,3.5,No
PROD0120,Establo B,Holstein,Media,Dieta A,2,84,28.5,3.63,3.39,3.6,No
PROD0121,Establo A,Cruce,Media,Dieta B,5,130,22.8,3.52,3.18,3.2,Sí
PROD0122,Establo B,Holstein,Temprana,Dieta A,4,125,20.7,4.05,3.56,4.0,No
PROD0123,Establo A,Holstein,Tardía,Dieta A,1,70,20.1,3.56,3.31,2.3,No
PROD0124,Establo D,Holstein,Media,Dieta A,4,128,26.0,4.21,3.13,3.4,No
PROD0125,Establo B,Brown Swiss,Media,Dieta B,2,83,31.2,3.06,3.06,2.0,No
PROD0126,Establo D,Holstein,Temprana,,6,130,23.6,3.67,3.01,3.3,Sí
PROD0127,Establo D,Jersey,Media,Dieta A,3,103,20.9,3.65,3.06,2.5,No
PROD0128,Establo C,Cruce,Tardía,Dieta A,5,130,21.9,4.17,3.24,3.6,No
PROD0129,Establo A,Holstein,Media,Dieta A,1,43,,3.47,2.84,3.0,Sí
PROD0130,Establo B,Jersey,Temprana,Dieta A,3,106,25.4,4.11,3.25,3.4,Sí
PROD0131,Establo C,Brown Swiss,Media,Dieta B,1,58,24.3,3.89,3.19,3.8,Sí
PROD0132,Establo D,Holstein,Temprana,Dieta B,3,97,29.7,4.45,3.37,2.5,No
PROD0133,Establo D,Brown Swiss,Tardía,Dieta A,1,59,16.2,,3.5,3.9,No
PROD0134,Establo C,Holstein,Media,Dieta A,3,82,20.7,4.0,3.34,2.9,No
PROD0135,Establo B,Holstein,Tardía,Dieta B,2,82,16.8,3.45,2.98,3.7,No
PROD0136,Establo C,Holstein,Media,Dieta B,3,81,25.1,3.88,3.34,3.6,No
PROD0137,Establo D,Holstein,Media,Dieta A,4,119,34.7,3.85,3.2,2.3,No
PROD0138,Establo A,Holstein,Media,Dieta A,3,91,22.0,3.75,3.44,3.3,Sí
PROD0139,Establo B,Jersey,Tardía,Dieta B,1,66,22.2,3.47,3.15,3.0,No
PROD0140,Establo B,Holstein,Tardía,Dieta A,3,100,30.2,4.0,3.24,3.6,Sí
PROD0141,Establo D,Holstein,Tardía,Dieta B,1,59,27.8,3.61,3.34,3.0,Sí
PROD0142,Establo B,Holstein,Tardía,Dieta A,1,50,29.7,4.47,3.05,3.0,No
PROD0143,Establo B,Holstein,Temprana,Dieta B,4,117,32.3,3.28,3.19,2.1,No
PROD0144,Establo A,Holstein,Media,Dieta A,5,128,25.5,4.08,2.95,3.1,No
PROD0145,Establo C,Holstein,Temprana,Dieta A,2,89,24.6,3.64,2.83,3.5,No
PROD0146,Establo D,Brown Swiss,Media,Dieta A,5,130,19.4,3.44,3.18,2.4,No
PROD0147,Establo B,Holstein,Media,Dieta A,0,26,26.1,3.71,3.12,3.1,No
PROD0148,Establo C,Jersey,Media,Dieta B,3,86,25.0,3.75,3.21,3.1,No
PROD0149,Establo B,Holstein,Media,Dieta B,3,95,26.8,3.61,3.02,2.4,Sí
PROD0150,Establo B,Holstein,Temprana,Dieta B,7,130,33.9,4.15,3.24,2.8,No
PROD0151,Establo A,Brown Swiss,Media,Dieta A,2,67,16.5,3.52,3.46,2.9,No
PROD0152,Establo B,Jersey,Media,Dieta A,6,130,23.8,3.74,2.96,3.6,No
PROD0153,Establo A,Cruce,Media,Dieta B,6,130,34.0,3.66,3.57,3.2,Sí
PROD0154,Establo A,Holstein,Tardía,Dieta A,3,100,26.8,3.52,3.13,3.4,Sí
PROD0155,Establo B,Holstein,Media,Dieta A,3,96,28.3,3.6,3.15,3.1,No
PROD0156,Establo D,Holstein,Media,Dieta B,3,98,27.4,4.09,3.31,3.3,No
PROD0157,Establo D,Holstein,Media,Dieta B,6,130,21.6,4.02,3.42,3.1,No
PROD0158,Establo C,Holstein,Tardía,Dieta A,2,74,26.9,3.75,3.17,2.8,No
PROD0159,Establo A,Holstein,Temprana,Dieta A,3,98,24.1,3.85,3.24,2.5,No
PROD0160,Establo A,Jersey,Media,Dieta A,4,102,28.8,4.75,3.43,3.9,No
PROD0161,Establo D,Holstein,Media,Dieta B,4,118,20.8,3.6,2.84,3.6,No
PROD0162,Establo D,Brown Swiss,Temprana,Dieta A,5,130,22.2,3.42,3.09,3.2,Sí
PROD0163,Establo B,Cruce,Temprana,Dieta B,3,110,30.7,3.88,3.0,2.9,No
PROD0164,Establo C,Holstein,Temprana,Dieta B,7,130,36.0,3.95,3.35,2.1,No
PROD0165,Establo A,Jersey,Temprana,Dieta A,2,91,32.1,4.79,3.59,3.0,No
PROD0166,Establo D,Holstein,Temprana,Dieta B,3,89,29.7,3.48,3.18,2.4,No
PROD0167,Establo A,Holstein,Temprana,Dieta A,5,130,25.9,4.41,3.06,2.3,Sí
PROD0168,Establo B,Holstein,Media,Dieta A,5,130,23.1,3.83,2.91,3.1,No
PROD0169,Establo C,Holstein,Temprana,Dieta B,4,98,34.8,3.59,2.93,4.2,No
PROD0170,Establo A,Brown Swiss,Temprana,Dieta B,5,130,32.4,3.89,2.78,2.5,No
PROD0171,Establo C,Cruce,Media,Dieta B,2,84,27.5,3.95,3.22,2.9,No
PROD0172,Establo D,Cruce,Temprana,Dieta A,2,60,25.7,3.41,3.43,3.5,No
PROD0173,Establo B,Holstein,Media,Dieta A,5,128,17.2,3.99,3.5,2.6,Sí
PROD0174,Establo B,Brown Swiss,Media,Dieta A,2,73,20.3,3.54,3.32,2.8,No
PROD0175,Establo C,Cruce,Tardía,Dieta B,4,111,18.3,,2.99,2.9,No
PROD0176,Establo A,Holstein,Temprana,Dieta B,3,92,23.9,4.08,3.3,2.8,No
PROD0177,Establo D,Brown Swiss,Tardía,Dieta A,4,130,17.8,3.65,3.39,2.4,No
PROD0178,Establo A,Holstein,Tardía,Dieta A,4,124,22.0,3.41,3.31,3.2,No
PROD0179,Establo C,Brown Swiss,Tardía,Dieta A,0,24,15.0,3.48,3.18,3.2,Sí
PROD0180,Establo B,Holstein,Temprana,Dieta A,3,99,31.7,3.38,3.14,3.5,No
PROD0181,Establo C,Holstein,Temprana,Dieta B,6,130,24.4,3.7,3.33,2.8,Sí
PROD0182,Establo D,Holstein,Temprana,Dieta B,1,57,28.6,3.78,2.82,2.7,No
PROD0183,Establo D,Holstein,Media,Dieta A,2,67,23.2,3.34,3.12,3.1,No
PROD0184,Establo B,Holstein,Media,Dieta B,0,24,31.1,3.51,2.82,3.1,No
PROD0185,Establo C,Cruce,Tardía,Dieta A,4,115,16.3,3.63,3.2,3.0,Sí
PROD0186,Establo B,Holstein,Tardía,Dieta B,4,107,18.3,3.16,3.15,2.9,No
PROD0187,Establo D,Holstein,Media,Dieta A,4,110,23.1,3.13,3.22,3.3,Sí
PROD0188,Establo A,Holstein,Media,Dieta B,1,60,24.8,3.08,3.0,3.2,Sí
PROD0189,Establo B,Holstein,Media,Dieta B,5,130,23.3,3.28,3.38,2.7,No
PROD0190,Establo A,Holstein,Temprana,Dieta B,3,112,29.9,3.43,3.39,2.6,No
PROD0191,Establo B,Holstein,Temprana,,5,130,35.4,3.34,3.18,3.8,No
PROD0192,Establo D,Cruce,Temprana,Dieta A,4,105,33.7,3.5,3.37,3.2,No
PROD0193,Establo A,Jersey,Media,Dieta B,5,130,26.0,3.18,3.28,4.1,No
PROD0194,Establo D,Brown Swiss,Media,,2,79,23.6,3.58,3.38,3.5,No
PROD0195,Establo D,Holstein,Tardía,Dieta B,5,130,25.5,3.88,3.34,3.0,No
PROD0196,Establo C,Jersey,Temprana,Dieta B,2,87,27.5,,3.1,3.1,No
PROD0197,Establo C,Holstein,Temprana,Dieta B,1,43,25.8,3.51,3.37,2.6,No
PROD0198,Establo D,Holstein,Tardía,Dieta B,5,130,19.3,3.65,3.05,2.4,Sí
PROD0199,Establo B,Holstein,Media,Dieta A,5,126,16.2,3.11,3.36,1.8,Sí
PROD0200,Establo D,Holstein,Media,Dieta A,3,83,18.8,3.22,3.08,3.5,No
PROD0201,Establo A,Holstein,Media,Dieta A,3,100,22.5,3.42,3.34,2.8,No
PROD0202,Establo D,Jersey,Media,Dieta B,2,78,19.7,3.87,3.21,3.2,No
PROD0203,Establo A,Jersey,Media,,2,69,24.5,3.48,3.12,3.8,No
PROD0204,Establo C,Holstein,Media,Dieta A,0,33,29.3,4.27,3.45,3.5,Sí
PROD0205,Establo D,Brown Swiss,Media,Dieta A,4,103,19.0,3.95,3.26,3.2,No
PROD0206,Establo B,Jersey,Temprana,Dieta B,4,116,27.3,4.31,3.1,3.9,Sí
PROD0207,Establo C,Cruce,Media,Dieta A,5,130,19.0,3.2,2.84,3.4,No
PROD0208,Establo B,Cruce,Tardía,Dieta B,2,74,23.9,3.82,3.32,2.9,No
PROD0209,Establo B,Holstein,Tardía,Dieta B,1,54,25.4,3.94,3.45,4.0,No
PROD0210,Establo B,Brown Swiss,Media,Dieta A,7,130,28.3,3.66,3.24,3.1,No
PROD0211,Establo A,Holstein,Tardía,Dieta A,4,97,18.7,3.62,3.1,2.9,No
PROD0212,Establo A,Cruce,Media,Dieta A,5,130,20.8,3.01,3.16,2.6,No
PROD0213,Establo D,Jersey,Tardía,Dieta A,2,84,17.3,3.83,2.97,2.4,No
PROD0214,Establo B,Holstein,Media,Dieta A,2,85,25.5,3.57,3.24,3.7,Sí
PROD0215,Establo D,Cruce,Media,Dieta B,4,125,26.8,4.16,3.27,2.5,No
PROD0216,Establo B,Cruce,Media,Dieta A,1,43,23.5,,3.2,2.9,Sí
PROD0217,Establo A,Holstein,Temprana,Dieta B,2,77,27.5,3.67,3.18,2.7,No
PROD0218,Establo D,Brown Swiss,Media,Dieta A,4,121,26.2,3.6,3.22,2.9,No
PROD0219,Establo D,Brown Swiss,Media,Dieta A,3,101,20.6,3.37,3.43,3.7,Sí
PROD0220,Establo A,Holstein,Tardía,Dieta B,0,25,20.0,4.06,3.06,3.9,No
PROD0221,Establo A,Holstein,Tardía,Dieta A,0,32,21.5,3.29,3.14,2.6,Sí
PROD0222,Establo A,Brown Swiss,Tardía,Dieta B,4,119,26.0,3.95,3.29,3.5,No
PROD0223,Establo B,Cruce,Tardía,Dieta A,3,87,14.5,3.31,3.63,2.7,No
PROD0224,Establo C,Jersey,Media,Dieta B,2,80,24.1,4.05,2.94,4.1,Sí
PROD0225,Establo B,Holstein,Tardía,Dieta B,2,72,29.2,3.88,3.44,3.7,Sí
PROD0226,Establo D,Holstein,Media,Dieta B,3,103,32.6,3.54,2.95,3.8,No
PROD0227,Establo A,Jersey,Tardía,Dieta B,3,98,17.4,3.83,3.45,2.7,No
PROD0228,Establo D,Holstein,Media,Dieta A,5,130,24.8,2.56,3.24,2.2,No
PROD0229,Establo C,Holstein,Tardía,Dieta B,2,83,,3.38,3.09,3.5,No
PROD0230,Establo D,Cruce,Temprana,Dieta B,3,81,28.1,3.92,3.05,4.1,No
PROD0231,Establo C,Holstein,Media,Dieta A,5,130,25.3,3.26,2.93,2.6,No
PROD0232,Establo A,Holstein,Media,Dieta A,3,80,17.9,3.47,3.22,3.2,No
PROD0233,Establo D,Holstein,Temprana,Dieta B,5,130,,3.66,3.15,3.3,Sí
PROD0234,Establo A,Cruce,Tardía,Dieta B,2,74,30.7,3.61,2.76,3.9,No
PROD0235,Establo B,Brown Swiss,Tardía,Dieta A,4,109,23.4,3.45,3.5,3.1,No
PROD0236,Establo C,Jersey,Media,Dieta A,3,90,16.2,4.31,3.35,2.5,No
PROD0237,Establo C,Brown Swiss,Tardía,Dieta A,2,63,15.8,3.76,2.86,2.6,No
PROD0238,Establo D,Holstein,Media,Dieta B,4,115,27.1,3.77,3.41,3.4,No
PROD0239,Establo C,Holstein,Media,Dieta B,0,51,31.3,3.88,2.99,3.6,Sí
PROD0240,Establo C,Brown Swiss,Tardía,Dieta A,5,124,15.8,3.06,3.38,2.9,No
PROD0241,Establo A,Holstein,Tardía,Dieta A,3,92,23.0,3.96,3.61,4.1,No
PROD0242,Establo C,Holstein,Media,Dieta B,1,52,28.0,3.77,3.23,3.3,No
PROD0243,Establo B,Brown Swiss,Temprana,Dieta B,3,115,36.0,3.93,3.13,3.2,No
PROD0244,Establo B,Brown Swiss,Tardía,Dieta A,3,103,23.9,3.46,3.58,2.7,No
PROD0245,Establo A,Brown Swiss,Media,Dieta B,2,77,28.8,4.27,3.31,2.8,No
PROD0246,Establo D,Holstein,Temprana,Dieta B,1,48,27.2,3.87,3.36,2.7,Sí
PROD0247,Establo A,Jersey,Temprana,Dieta B,6,130,25.5,3.77,3.22,3.8,No
PROD0248,Establo C,Holstein,Temprana,Dieta A,1,57,29.9,3.08,3.31,3.4,No
PROD0249,Establo B,Holstein,Tardía,Dieta A,1,49,17.3,4.03,3.16,3.1,No
PROD0250,Establo A,Holstein,Media,Dieta A,3,80,26.3,4.55,3.65,3.3,No
PROD0251,Establo A,Cruce,Media,Dieta B,4,117,23.1,3.81,3.31,3.2,No
PROD0252,Establo D,Holstein,Media,Dieta A,2,75,26.2,3.05,3.41,2.1,No
PROD0253,Establo D,Holstein,Media,Dieta A,4,124,26.6,,3.11,2.9,No
PROD0254,Establo B,Holstein,Media,Dieta A,3,90,25.5,3.8,3.09,4.1,No
PROD0255,Establo A,Holstein,Media,Dieta A,3,90,,3.66,3.42,3.2,No
PROD0256,Establo C,Brown Swiss,Tardía,Dieta A,2,83,22.1,3.9,3.03,3.5,Sí
PROD0257,Establo D,Holstein,Temprana,Dieta A,4,114,29.6,3.51,3.37,2.9,No
PROD0258,Establo C,Holstein,Temprana,Dieta A,0,31,21.7,3.71,3.25,3.1,No
PROD0259,Establo B,Jersey,Temprana,Dieta A,6,130,25.5,4.3,3.17,3.1,No
PROD0260,Establo C,Brown Swiss,Media,Dieta A,5,129,32.4,3.54,3.41,2.8,No
PROD0261,Establo C,Holstein,Temprana,Dieta A,2,81,25.8,3.52,3.24,2.7,No
PROD0262,Establo C,Cruce,Media,Dieta B,0,38,33.0,3.3,3.19,3.0,No
PROD0263,Establo B,Brown Swiss,Temprana,Dieta A,1,46,27.1,3.57,3.17,3.4,No
PROD0264,Establo A,Brown Swiss,Media,Dieta B,1,67,22.2,3.73,2.93,3.2,Sí
PROD0265,Establo A,Holstein,Temprana,Dieta A,2,52,28.4,3.6,2.98,2.8,No
PROD0266,Establo B,Holstein,Media,Dieta B,1,67,27.4,3.13,3.11,2.8,No
PROD0267,Establo A,Holstein,Media,Dieta A,2,68,29.5,3.93,3.4,1.9,No
PROD0268,Establo B,Holstein,Temprana,Dieta A,0,35,26.1,4.16,3.12,2.8,No
PROD0269,Establo B,Jersey,Tardía,Dieta A,0,32,24.3,3.56,3.21,2.7,No
PROD0270,Establo A,Holstein,Media,Dieta B,3,87,30.6,3.48,3.06,3.6,Sí
PROD0271,Establo C,Brown Swiss,Temprana,Dieta B,3,93,28.8,4.26,3.16,3.3,No
PROD0272,Establo B,Jersey,Media,Dieta A,3,87,18.8,4.75,3.0,3.4,Sí
PROD0273,Establo C,Brown Swiss,Media,Dieta A,5,130,22.1,2.95,3.77,3.4,No
PROD0274,Establo A,Brown Swiss,Tardía,Dieta B,5,130,18.8,2.92,2.91,3.3,Sí
PROD0275,Establo C,Holstein,Tardía,Dieta B,2,73,24.0,4.0,2.85,2.9,No
PROD0276,Establo C,Holstein,Media,Dieta A,2,54,27.1,3.99,3.44,3.4,No
PROD0277,Establo C,Holstein,Tardía,Dieta B,2,86,18.1,3.31,3.49,3.1,No
PROD0278,Establo D,Cruce,Tardía,Dieta B,5,130,25.4,3.72,3.55,3.4,No
PROD0279,Establo A,Brown Swiss,Temprana,Dieta A,7,130,20.9,3.63,3.42,2.9,No
PROD0280,Establo B,Cruce,Temprana,Dieta B,4,118,28.9,3.35,3.31,2.9,Sí
PROD0281,Establo A,Brown Swiss,Media,Dieta B,0,24,27.8,3.68,3.26,3.7,No
PROD0282,Establo B,Cruce,Media,Dieta A,6,130,18.0,3.74,3.2,3.8,No
PROD0283,Establo B,Jersey,Tardía,Dieta B,2,84,20.2,4.08,3.34,3.5,No
PROD0284,Establo D,Brown Swiss,Media,Dieta B,0,44,34.0,4.33,3.3,3.8,No
PROD0285,Establo B,Brown Swiss,Media,Dieta A,4,116,19.4,4.01,3.33,3.1,No
PROD0286,Establo D,Brown Swiss,Tardía,Dieta A,1,62,12.2,3.76,3.08,3.2,Sí
PROD0287,Establo C,Jersey,Temprana,Dieta B,1,53,27.2,3.46,3.2,2.9,Sí
PROD0288,Establo C,Holstein,Media,Dieta A,1,50,26.8,3.14,3.01,3.4,No
PROD0289,Establo C,Holstein,Media,Dieta B,1,62,29.4,3.37,3.26,3.2,No
PROD0290,Establo A,Holstein,Temprana,Dieta A,2,72,25.0,3.45,3.35,4.6,Sí
PROD0291,Establo A,Holstein,Temprana,Dieta A,3,88,30.1,3.94,3.46,3.4,Sí
PROD0292,Establo C,Holstein,Tardía,Dieta B,4,106,28.4,3.82,3.46,3.8,No
PROD0293,Establo C,Brown Swiss,Media,Dieta B,3,88,21.7,3.69,3.38,2.9,No
PROD0294,Establo C,Cruce,Temprana,Dieta B,4,111,33.5,3.65,3.61,2.8,No
PROD0295,Establo B,Brown Swiss,Media,Dieta A,7,130,,3.48,3.34,3.1,No
PROD0296,Establo B,Holstein,Media,Dieta B,3,104,26.9,3.59,3.04,3.7,No
PROD0297,Establo A,Cruce,Media,Dieta B,5,118,21.3,3.97,3.59,2.8,No
PROD0298,Establo A,Holstein,Tardía,,4,120,25.9,2.87,3.41,3.2,No
PROD0299,Establo A,Holstein,Temprana,Dieta A,4,118,23.5,4.25,3.1,2.8,Sí
PROD0300,Establo B,Jersey,Temprana,Dieta B,1,33,21.8,4.08,3.59,2.7,Sí
PROD0216,Establo B,Cruce,Media,Dieta A,1,43,23.5,,3.2,2.9,Sí
PROD0059,Establo B,Cruce,Tardía,Dieta A,5,130,12.8,4.1,3.03,2.7,No
